Insert into TBL_GENERO (CODIGO_GENERO, NOMBRE_GENERO)
values (1,'Masculino');
Insert into TBL_GENERO (CODIGO_GENERO, NOMBRE_GENERO)
values (2,'Femenino');


Insert into TBL_TIPO_USUARIO (CODIGO_TIPO_USUARIO, NOMBRE_TIPO_USUARIO)
values (1,'Normal');
Insert into TBL_TIPO_USUARIO (CODIGO_TIPO_USUARIO, NOMBRE_TIPO_USUARIO)
values (2,'Transmite');


Insert into TBL_PLANES_DE_CUENTAS (CODIGO_PLANES_CUENTA, NOMBRE_PLAN)
values (1,'FREE');
Insert into TBL_PLANES_DE_CUENTAS (CODIGO_PLANES_CUENTA, NOMBRE_PLAN)
values (2,'PREMIUM');   


Insert into TBL_MARCA_TELEFONO_M (CODIGO_MARCA_TELEFONO_M, NOMBRE_MARCA_TELEFONO_M)
values (1,'HTC');
Insert into TBL_MARCA_TELEFONO_M (CODIGO_MARCA_TELEFONO_M, NOMBRE_MARCA_TELEFONO_M)
values (2,'Lenovo');
Insert into TBL_MARCA_TELEFONO_M (CODIGO_MARCA_TELEFONO_M, NOMBRE_MARCA_TELEFONO_M)
values (3,'Windows mobile');
Insert into TBL_MARCA_TELEFONO_M (CODIGO_MARCA_TELEFONO_M, NOMBRE_MARCA_TELEFONO_M)
values (4,'Apple iphone');
Insert into TBL_MARCA_TELEFONO_M (CODIGO_MARCA_TELEFONO_M, NOMBRE_MARCA_TELEFONO_M)
values (5,'Blackberry');
Insert into TBL_MARCA_TELEFONO_M (CODIGO_MARCA_TELEFONO_M, NOMBRE_MARCA_TELEFONO_M)
values (6,'LG');
Insert into TBL_MARCA_TELEFONO_M (CODIGO_MARCA_TELEFONO_M, NOMBRE_MARCA_TELEFONO_M)
values (7,'Motorola');
Insert into TBL_MARCA_TELEFONO_M (CODIGO_MARCA_TELEFONO_M, NOMBRE_MARCA_TELEFONO_M)
values (8,'Nokia');
Insert into TBL_MARCA_TELEFONO_M (CODIGO_MARCA_TELEFONO_M, NOMBRE_MARCA_TELEFONO_M)
values (9,'Samsung');
Insert into TBL_MARCA_TELEFONO_M (CODIGO_MARCA_TELEFONO_M, NOMBRE_MARCA_TELEFONO_M)
values (10,'Sony ericsson');



Insert into TBL_SISTEMAS_OPERATIVOS (CODIGO_SISTEMA_OPERATIVO, NOMBRE_SISTEMA_OPERATIVO)
values (1,'Android');
Insert into TBL_SISTEMAS_OPERATIVOS (CODIGO_SISTEMA_OPERATIVO, NOMBRE_SISTEMA_OPERATIVO)
values (2,'IOS');
Insert into TBL_SISTEMAS_OPERATIVOS (CODIGO_SISTEMA_OPERATIVO, NOMBRE_SISTEMA_OPERATIVO)
values (3,'Windows phone');
Insert into TBL_SISTEMAS_OPERATIVOS (CODIGO_SISTEMA_OPERATIVO, NOMBRE_SISTEMA_OPERATIVO)
values (4,'Blackberry');
Insert into TBL_SISTEMAS_OPERATIVOS (CODIGO_SISTEMA_OPERATIVO, NOMBRE_SISTEMA_OPERATIVO)
values (5,'Symbian OS');


Insert into TBL_MARCA_TELEFONO_X_SO (CODIGO_MARCA_TELEFONO_M, CODIGO_SISTEMA_OPERATIVO)
values (1,1);
Insert into TBL_MARCA_TELEFONO_X_SO (CODIGO_MARCA_TELEFONO_M, CODIGO_SISTEMA_OPERATIVO)
values (1,3);
Insert into TBL_MARCA_TELEFONO_X_SO (CODIGO_MARCA_TELEFONO_M, CODIGO_SISTEMA_OPERATIVO)
values (3,3);
Insert into TBL_MARCA_TELEFONO_X_SO (CODIGO_MARCA_TELEFONO_M, CODIGO_SISTEMA_OPERATIVO)
values (2,5);
Insert into TBL_MARCA_TELEFONO_X_SO (CODIGO_MARCA_TELEFONO_M, CODIGO_SISTEMA_OPERATIVO)
values (4,2);


Insert into TBL_PROVEEDOR_SERVICIO_MOVIL (CODIGO_PROVEEDOR_SERVICIO, NOMBRE_PROVEEDOR_SERVICIO)
values (1,'Tigo');
Insert into TBL_PROVEEDOR_SERVICIO_MOVIL (CODIGO_PROVEEDOR_SERVICIO, NOMBRE_PROVEEDOR_SERVICIO)
values (2,'Claro');
Insert into TBL_PROVEEDOR_SERVICIO_MOVIL (CODIGO_PROVEEDOR_SERVICIO, NOMBRE_PROVEEDOR_SERVICIO)
values (3,'Verizon');
Insert into TBL_PROVEEDOR_SERVICIO_MOVIL (CODIGO_PROVEEDOR_SERVICIO, NOMBRE_PROVEEDOR_SERVICIO)
values (4,'SPRINT');



Insert into TBL_TIPO_LUGAR (CODIGO_TIPO_LUGAR, NOMBRE_TIPO_LUGAR)
values (1,'Pais');
Insert into TBL_TIPO_LUGAR (CODIGO_TIPO_LUGAR, NOMBRE_TIPO_LUGAR)
values (2,'Departamento/Estado');
Insert into TBL_TIPO_LUGAR (CODIGO_TIPO_LUGAR, NOMBRE_TIPO_LUGAR)
values (3,'Ciudad');



Insert into TBL_LUGARES (CODIGO_LUGAR, CODIGO_TIPO_LUGAR, CODIGO_LUGAR_PADRE, NOMBRE_LUGAR, LATITUD, LONGITUD, EXTENCION_TERRITORIAL)
values (1, 1, null, 'Honduras', '112', '144', '122km');
Insert into TBL_LUGARES (CODIGO_LUGAR, CODIGO_TIPO_LUGAR, CODIGO_LUGAR_PADRE, NOMBRE_LUGAR, LATITUD, LONGITUD, EXTENCION_TERRITORIAL)
values (2, 1, null, 'Guatemala', '122', '164', '1652km');
Insert into TBL_LUGARES (CODIGO_LUGAR, CODIGO_TIPO_LUGAR, CODIGO_LUGAR_PADRE, NOMBRE_LUGAR, LATITUD, LONGITUD, EXTENCION_TERRITORIAL)
values (3, 1, null, 'Costa Rica', '102', '145', '162km');
Insert into TBL_LUGARES (CODIGO_LUGAR, CODIGO_TIPO_LUGAR, CODIGO_LUGAR_PADRE, NOMBRE_LUGAR, LATITUD, LONGITUD, EXTENCION_TERRITORIAL)
values (4, 2, 1, 'Francisco morazan', '12', '111', '12km');
Insert into TBL_LUGARES (CODIGO_LUGAR, CODIGO_TIPO_LUGAR, CODIGO_LUGAR_PADRE, NOMBRE_LUGAR, LATITUD, LONGITUD, EXTENCION_TERRITORIAL)
values (5, 2, 2, 'Chiquimula', '1112', '141', '192km');
Insert into TBL_LUGARES (CODIGO_LUGAR, CODIGO_TIPO_LUGAR, CODIGO_LUGAR_PADRE, NOMBRE_LUGAR, LATITUD, LONGITUD, EXTENCION_TERRITORIAL)
values (6, 2, 1, 'Intibuca', '90', '221', '40km');
Insert into TBL_LUGARES (CODIGO_LUGAR, CODIGO_TIPO_LUGAR, CODIGO_LUGAR_PADRE, NOMBRE_LUGAR, LATITUD, LONGITUD, EXTENCION_TERRITORIAL)
values (7, 3, 4, 'Tegucigalpa', '40', '1144', '222km');
Insert into TBL_LUGARES (CODIGO_LUGAR, CODIGO_TIPO_LUGAR, CODIGO_LUGAR_PADRE, NOMBRE_LUGAR, LATITUD, LONGITUD, EXTENCION_TERRITORIAL)
values (8, 3, 5, 'chiquima', '12', '184', '162km');
Insert into TBL_LUGARES (CODIGO_LUGAR, CODIGO_TIPO_LUGAR, CODIGO_LUGAR_PADRE, NOMBRE_LUGAR, LATITUD, LONGITUD, EXTENCION_TERRITORIAL)
values (9, 3, 6, 'La esperanza', '192', '198', '147km');



Insert into TBL_LUGARES_X_PROVEEDORES (CODIGO_PROVEEDOR_SERVICIO, CODIGO_LUGAR)
values (4,1);
Insert into TBL_LUGARES_X_PROVEEDORES (CODIGO_PROVEEDOR_SERVICIO, CODIGO_LUGAR)
values (4,2);
Insert into TBL_LUGARES_X_PROVEEDORES (CODIGO_PROVEEDOR_SERVICIO, CODIGO_LUGAR)
values (3,1);
Insert into TBL_LUGARES_X_PROVEEDORES (CODIGO_PROVEEDOR_SERVICIO, CODIGO_LUGAR)
values (2,2);
Insert into TBL_LUGARES_X_PROVEEDORES (CODIGO_PROVEEDOR_SERVICIO, CODIGO_LUGAR)
values (1,2);
Insert into TBL_LUGARES_X_PROVEEDORES (CODIGO_PROVEEDOR_SERVICIO, CODIGO_LUGAR)
values (2,1);
Insert into TBL_LUGARES_X_PROVEEDORES (CODIGO_PROVEEDOR_SERVICIO, CODIGO_LUGAR)
values (3,2);




Insert into TBL_USUARIOS (CODIGO_USUARIO, CODIGO_GENERO, CODIGO_LUGAR_VIVE, CODIGO_MARCA_TELEFONO_M, CODIGO_PROVEEDOR_SERVICIO, CODIGO_TIPO_USUARIO, CODIGO_PLANES_CUENTA, NOMBRE_COMPLETO, FECHA_NACIMIENTO, USUARIO_PLATAFORMA, CORREO_ELECTRONICO, CONTRASENA, NUMERO_TELEFONO)
values (1, 1, 7, 2, 1, 1, 1, 'Carlos Roberto Ramos', TO_DATE('12-12-93', 'DD-MM-YY'), 'CRassassin9', 'carlos@gmail.com', 'hola123', 74);
Insert into TBL_USUARIOS (CODIGO_USUARIO, CODIGO_GENERO, CODIGO_LUGAR_VIVE, CODIGO_MARCA_TELEFONO_M, CODIGO_PROVEEDOR_SERVICIO, CODIGO_TIPO_USUARIO, CODIGO_PLANES_CUENTA, NOMBRE_COMPLETO, FECHA_NACIMIENTO, USUARIO_PLATAFORMA, CORREO_ELECTRONICO, CONTRASENA, NUMERO_TELEFONO)
values (2, 2, 8, 3, 2, 1, 1, 'Maria Gonzales Ramirez', TO_DATE('12-12-89', 'DD-MM-YY'), 'Mary9999', 'maria@gmail.com', 'hola123', 79);
Insert into TBL_USUARIOS (CODIGO_USUARIO, CODIGO_GENERO, CODIGO_LUGAR_VIVE, CODIGO_MARCA_TELEFONO_M, CODIGO_PROVEEDOR_SERVICIO, CODIGO_TIPO_USUARIO, CODIGO_PLANES_CUENTA, NOMBRE_COMPLETO, FECHA_NACIMIENTO, USUARIO_PLATAFORMA, CORREO_ELECTRONICO, CONTRASENA, NUMERO_TELEFONO)
values (3, 1, 9, 5, 2, 1, 1, 'Josue Ramon Perez', TO_DATE('12-12-72', 'DD-MM-YY'), 'PerezBoy7', 'perez@gmail.com', 'hola123', 40);



Insert into TBL_REDES_SOCIALES (CODIGO_RED_SOCIAL, NOMBRE_RED_SOCIAL)
values (1,'Facebook');
Insert into TBL_REDES_SOCIALES (CODIGO_RED_SOCIAL, NOMBRE_RED_SOCIAL)
values (2,'Twitter');
Insert into TBL_REDES_SOCIALES (CODIGO_RED_SOCIAL, NOMBRE_RED_SOCIAL)
values (3,'Telegram');
Insert into TBL_REDES_SOCIALES (CODIGO_RED_SOCIAL, NOMBRE_RED_SOCIAL)
values (4,'Skype');
Insert into TBL_REDES_SOCIALES (CODIGO_RED_SOCIAL, NOMBRE_RED_SOCIAL)
values (5,'Tumblr');



Insert into TBL_VINCULO_DATOS_RS (CODIGO_VINCULO_DATOS_RS, CODIGO_RED_SOCIAL, CODIGO_USUARIO)
values (1, 1, 1);
Insert into TBL_VINCULO_DATOS_RS (CODIGO_VINCULO_DATOS_RS, CODIGO_RED_SOCIAL, CODIGO_USUARIO)
values (2, 1, 2);
Insert into TBL_VINCULO_DATOS_RS (CODIGO_VINCULO_DATOS_RS, CODIGO_RED_SOCIAL, CODIGO_USUARIO)
values (3, 1, 3);
Insert into TBL_VINCULO_DATOS_RS (CODIGO_VINCULO_DATOS_RS, CODIGO_RED_SOCIAL, CODIGO_USUARIO)
values (4, 2, 2);



Insert into TBL_TIPO_TARJETA (CODIGO_TIPO_TARJETA, NOMBRE_TIPO_TARGETA)
values (1,'VISA');
Insert into TBL_TIPO_TARJETA (CODIGO_TIPO_TARJETA, NOMBRE_TIPO_TARGETA)
values (2,'MASTERCARD');
Insert into TBL_TIPO_TARJETA (CODIGO_TIPO_TARJETA, NOMBRE_TIPO_TARGETA)
values (3,'AMERICAN EXPRESS');



Insert into TBL_METODO_PAGO (CODIGO_METODO_PAGO, NOMBRE_METODO_PAGO)
values (1,'Tarjeta');
Insert into TBL_METODO_PAGO (CODIGO_METODO_PAGO, NOMBRE_METODO_PAGO)
values (2,'Paypal');



Insert into TBL_DATOS_PAGO (CODIGO_DATOS_PAGO, CODIGO_TIPO_TARJETA, CODIGO_METODO_PAGO, NUMERO_TARJETA, MES, ANIO, CODIGO_SEGURIDAD)
values (1, 1, 1, 1115896512, 05, 2021, 865);
Insert into TBL_DATOS_PAGO (CODIGO_DATOS_PAGO, CODIGO_TIPO_TARJETA, CODIGO_METODO_PAGO, NUMERO_TARJETA, MES, ANIO, CODIGO_SEGURIDAD)
values (2, 2, 1, 1245859645, 06, 2026, 954);
Insert into TBL_DATOS_PAGO (CODIGO_DATOS_PAGO, CODIGO_TIPO_TARJETA, CODIGO_METODO_PAGO, NUMERO_TARJETA, MES, ANIO, CODIGO_SEGURIDAD)
values (3, 3, 1, 2541456325, 09, 2020, 471);
Insert into TBL_DATOS_PAGO (CODIGO_DATOS_PAGO, CODIGO_TIPO_TARJETA, CODIGO_METODO_PAGO, NUMERO_TARJETA, MES, ANIO, CODIGO_SEGURIDAD)
values (4, 1, 1, 2541125478, 10, 2019, 321);
Insert into TBL_DATOS_PAGO (CODIGO_DATOS_PAGO, CODIGO_TIPO_TARJETA, CODIGO_METODO_PAGO, NUMERO_TARJETA, MES, ANIO, CODIGO_SEGURIDAD)
values (5, 2, 1, 9658569874, 12, 2023, 123);




Insert into TBL_RECIBOS_PAGO (CODIGO_RECIBO_PAGO, CODIGO_USUARIO, CODIGO_LUGAR_EMITE, CODIGO_DATOS_PAGO, FECHA_EMITIO_RECIBO, MONTO_PAGAR)
values (1, 1, 7, 2, TO_DATE('05-09-18','DD-MM-YY'), 5.99);
Insert into TBL_RECIBOS_PAGO (CODIGO_RECIBO_PAGO, CODIGO_USUARIO, CODIGO_LUGAR_EMITE, CODIGO_DATOS_PAGO, FECHA_EMITIO_RECIBO, MONTO_PAGAR)
values (2, 2, 8, 3, TO_DATE('03-09-18','DD-MM-YY'), 0.99);
Insert into TBL_RECIBOS_PAGO (CODIGO_RECIBO_PAGO, CODIGO_USUARIO, CODIGO_LUGAR_EMITE, CODIGO_DATOS_PAGO, FECHA_EMITIO_RECIBO, MONTO_PAGAR)
values (3, 3, 9, 1, TO_DATE('10-09-18','DD-MM-YY'), 5.99);
Insert into TBL_RECIBOS_PAGO (CODIGO_RECIBO_PAGO, CODIGO_USUARIO, CODIGO_LUGAR_EMITE, CODIGO_DATOS_PAGO, FECHA_EMITIO_RECIBO, MONTO_PAGAR)
values (4, 1, 8, 5, TO_DATE('01-09-18','DD-MM-YY'), 8.99);




Insert into TBL_TIPO_REPORTE (CODIGO_TIPO_REPORTE, NOMBRE_TIPO_REPORTE)
values (1,'Derechos de autor');
Insert into TBL_TIPO_REPORTE (CODIGO_TIPO_REPORTE, NOMBRE_TIPO_REPORTE)
values (2,'Marca comercial');
Insert into TBL_TIPO_REPORTE (CODIGO_TIPO_REPORTE, NOMBRE_TIPO_REPORTE)
values (3,'Contenido ofensivo, violento o inapropiado');
Insert into TBL_TIPO_REPORTE (CODIGO_TIPO_REPORTE, NOMBRE_TIPO_REPORTE)
values (4,'imagen personal o identidad');


Insert into TBL_TARJETA_REGALO (CODIGO_TARJETA_REGALO, CODIGO_LUGAR, CODIGO_USUARIO, FECHA_CAJEA, CODIGO_A_CAJEAR)
values (1, 7, 2, TO_DATE('02-05-17','DD-MM-YY'), 124578965447);
Insert into TBL_TARJETA_REGALO (CODIGO_TARJETA_REGALO, CODIGO_LUGAR, CODIGO_USUARIO, FECHA_CAJEA, CODIGO_A_CAJEAR)
values (2, 7, 3, TO_DATE('06-09-16','DD-MM-YY'), 235685745896);
Insert into TBL_TARJETA_REGALO (CODIGO_TARJETA_REGALO, CODIGO_LUGAR, CODIGO_USUARIO, FECHA_CAJEA, CODIGO_A_CAJEAR)
values (3, 9, 2, TO_DATE('02-06-18','DD-MM-YY'), 524587789658);


Insert into TBL_VINCULO_APLICACIONES (CODIGO_VINCULO_APLICACIONES, CODIGO_USUARIO, NOMBRE_APLICACION_VINCULO)
values (1, 1, 'Discord');
Insert into TBL_VINCULO_APLICACIONES (CODIGO_VINCULO_APLICACIONES, CODIGO_USUARIO, NOMBRE_APLICACION_VINCULO)
values (2, 2, 'Musixmatch');
Insert into TBL_VINCULO_APLICACIONES (CODIGO_VINCULO_APLICACIONES, CODIGO_USUARIO, NOMBRE_APLICACION_VINCULO)
values (3, 1, 'PlaySation Network');
Insert into TBL_VINCULO_APLICACIONES (CODIGO_VINCULO_APLICACIONES, CODIGO_USUARIO, NOMBRE_APLICACION_VINCULO)
values (4, 3, 'Musixmatch');
Insert into TBL_VINCULO_APLICACIONES (CODIGO_VINCULO_APLICACIONES, CODIGO_USUARIO, NOMBRE_APLICACION_VINCULO)
values (5, 2, 'PlaySation Network');


