Insert into TBL_GENERO (CODIGO_GENERO, NOMBRE_GENERO)
values (1,'Masculino');
Insert into TBL_GENERO (CODIGO_GENERO, NOMBRE_GENERO)
values (2,'Femenino');


Insert into TBL_TIPO_USUARIO (CODIGO_TIPO_USUARIO, NOMBRE_TIPO_USUARIO)
values (1,'Normal');
Insert into TBL_TIPO_USUARIO (CODIGO_TIPO_USUARIO, NOMBRE_TIPO_USUARIO)
values (2,'Transmite');


Insert into TBL_PLANES_DE_CUENTAS (CODIGO_PLANES_CUENTA, NOMBRE_PLAN)
values (1,'FREE');
Insert into TBL_PLANES_DE_CUENTAS (CODIGO_PLANES_CUENTA, NOMBRE_PLAN)
values (2,'PREMIUM');   


Insert into TBL_MARCA_TELEFONO_M (CODIGO_MARCA_TELEFONO_M, NOMBRE_MARCA_TELEFONO_M)
values (1,'HTC');
Insert into TBL_MARCA_TELEFONO_M (CODIGO_MARCA_TELEFONO_M, NOMBRE_MARCA_TELEFONO_M)
values (2,'Lenovo');
Insert into TBL_MARCA_TELEFONO_M (CODIGO_MARCA_TELEFONO_M, NOMBRE_MARCA_TELEFONO_M)
values (3,'Windows mobile');
Insert into TBL_MARCA_TELEFONO_M (CODIGO_MARCA_TELEFONO_M, NOMBRE_MARCA_TELEFONO_M)
values (4,'Apple iphone');
Insert into TBL_MARCA_TELEFONO_M (CODIGO_MARCA_TELEFONO_M, NOMBRE_MARCA_TELEFONO_M)
values (5,'Blackberry');
Insert into TBL_MARCA_TELEFONO_M (CODIGO_MARCA_TELEFONO_M, NOMBRE_MARCA_TELEFONO_M)
values (6,'LG');
Insert into TBL_MARCA_TELEFONO_M (CODIGO_MARCA_TELEFONO_M, NOMBRE_MARCA_TELEFONO_M)
values (7,'Motorola');
Insert into TBL_MARCA_TELEFONO_M (CODIGO_MARCA_TELEFONO_M, NOMBRE_MARCA_TELEFONO_M)
values (8,'Nokia');
Insert into TBL_MARCA_TELEFONO_M (CODIGO_MARCA_TELEFONO_M, NOMBRE_MARCA_TELEFONO_M)
values (9,'Samsung');
Insert into TBL_MARCA_TELEFONO_M (CODIGO_MARCA_TELEFONO_M, NOMBRE_MARCA_TELEFONO_M)
values (10,'Sony ericsson');



Insert into TBL_SISTEMAS_OPERATIVOS (CODIGO_SISTEMA_OPERATIVO, NOMBRE_SISTEMA_OPERATIVO)
values (1,'Android');
Insert into TBL_SISTEMAS_OPERATIVOS (CODIGO_SISTEMA_OPERATIVO, NOMBRE_SISTEMA_OPERATIVO)
values (2,'IOS');
Insert into TBL_SISTEMAS_OPERATIVOS (CODIGO_SISTEMA_OPERATIVO, NOMBRE_SISTEMA_OPERATIVO)
values (3,'Windows phone');
Insert into TBL_SISTEMAS_OPERATIVOS (CODIGO_SISTEMA_OPERATIVO, NOMBRE_SISTEMA_OPERATIVO)
values (4,'Blackberry');
Insert into TBL_SISTEMAS_OPERATIVOS (CODIGO_SISTEMA_OPERATIVO, NOMBRE_SISTEMA_OPERATIVO)
values (5,'Symbian OS');


Insert into TBL_MARCA_TELEFONO_X_SO (CODIGO_MARCA_TELEFONO_M, CODIGO_SISTEMA_OPERATIVO)
values (1,1);
Insert into TBL_MARCA_TELEFONO_X_SO (CODIGO_MARCA_TELEFONO_M, CODIGO_SISTEMA_OPERATIVO)
values (1,3);
Insert into TBL_MARCA_TELEFONO_X_SO (CODIGO_MARCA_TELEFONO_M, CODIGO_SISTEMA_OPERATIVO)
values (3,3);
Insert into TBL_MARCA_TELEFONO_X_SO (CODIGO_MARCA_TELEFONO_M, CODIGO_SISTEMA_OPERATIVO)
values (2,5);
Insert into TBL_MARCA_TELEFONO_X_SO (CODIGO_MARCA_TELEFONO_M, CODIGO_SISTEMA_OPERATIVO)
values (4,2);


Insert into TBL_PROVEEDOR_SERVICIO_MOVIL (CODIGO_PROVEEDOR_SERVICIO, NOMBRE_PROVEEDOR_SERVICIO)
values (1,'Tigo');
Insert into TBL_PROVEEDOR_SERVICIO_MOVIL (CODIGO_PROVEEDOR_SERVICIO, NOMBRE_PROVEEDOR_SERVICIO)
values (2,'Claro');
Insert into TBL_PROVEEDOR_SERVICIO_MOVIL (CODIGO_PROVEEDOR_SERVICIO, NOMBRE_PROVEEDOR_SERVICIO)
values (3,'Verizon');
Insert into TBL_PROVEEDOR_SERVICIO_MOVIL (CODIGO_PROVEEDOR_SERVICIO, NOMBRE_PROVEEDOR_SERVICIO)
values (4,'SPRINT');



Insert into TBL_TIPO_LUGAR (CODIGO_TIPO_LUGAR, NOMBRE_TIPO_LUGAR)
values (1,'Pais');
Insert into TBL_TIPO_LUGAR (CODIGO_TIPO_LUGAR, NOMBRE_TIPO_LUGAR)
values (2,'Departamento/Estado');
Insert into TBL_TIPO_LUGAR (CODIGO_TIPO_LUGAR, NOMBRE_TIPO_LUGAR)
values (3,'Ciudad');



Insert into TBL_LUGARES (CODIGO_LUGAR, CODIGO_TIPO_LUGAR, CODIGO_LUGAR_PADRE, NOMBRE_LUGAR, LATITUD, LONGITUD, EXTENCION_TERRITORIAL)
values (1, 1, null, 'Honduras', '112', '144', '122km');
Insert into TBL_LUGARES (CODIGO_LUGAR, CODIGO_TIPO_LUGAR, CODIGO_LUGAR_PADRE, NOMBRE_LUGAR, LATITUD, LONGITUD, EXTENCION_TERRITORIAL)
values (2, 1, null, 'Guatemala', '122', '164', '1652km');
Insert into TBL_LUGARES (CODIGO_LUGAR, CODIGO_TIPO_LUGAR, CODIGO_LUGAR_PADRE, NOMBRE_LUGAR, LATITUD, LONGITUD, EXTENCION_TERRITORIAL)
values (3, 1, null, 'Costa Rica', '102', '145', '162km');
Insert into TBL_LUGARES (CODIGO_LUGAR, CODIGO_TIPO_LUGAR, CODIGO_LUGAR_PADRE, NOMBRE_LUGAR, LATITUD, LONGITUD, EXTENCION_TERRITORIAL)
values (4, 2, 1, 'Francisco morazan', '12', '111', '12km');
Insert into TBL_LUGARES (CODIGO_LUGAR, CODIGO_TIPO_LUGAR, CODIGO_LUGAR_PADRE, NOMBRE_LUGAR, LATITUD, LONGITUD, EXTENCION_TERRITORIAL)
values (5, 2, 2, 'Chiquimula', '1112', '141', '192km');
Insert into TBL_LUGARES (CODIGO_LUGAR, CODIGO_TIPO_LUGAR, CODIGO_LUGAR_PADRE, NOMBRE_LUGAR, LATITUD, LONGITUD, EXTENCION_TERRITORIAL)
values (6, 2, 1, 'Intibuca', '90', '221', '40km');
Insert into TBL_LUGARES (CODIGO_LUGAR, CODIGO_TIPO_LUGAR, CODIGO_LUGAR_PADRE, NOMBRE_LUGAR, LATITUD, LONGITUD, EXTENCION_TERRITORIAL)
values (7, 3, 4, 'Tegucigalpa', '40', '1144', '222km');
Insert into TBL_LUGARES (CODIGO_LUGAR, CODIGO_TIPO_LUGAR, CODIGO_LUGAR_PADRE, NOMBRE_LUGAR, LATITUD, LONGITUD, EXTENCION_TERRITORIAL)
values (8, 3, 5, 'chiquima', '12', '184', '162km');
Insert into TBL_LUGARES (CODIGO_LUGAR, CODIGO_TIPO_LUGAR, CODIGO_LUGAR_PADRE, NOMBRE_LUGAR, LATITUD, LONGITUD, EXTENCION_TERRITORIAL)
values (9, 3, 6, 'La esperanza', '192', '198', '147km');



Insert into TBL_LUGARES_X_PROVEEDORES (CODIGO_PROVEEDOR_SERVICIO, CODIGO_LUGAR)
values (4,1);
Insert into TBL_LUGARES_X_PROVEEDORES (CODIGO_PROVEEDOR_SERVICIO, CODIGO_LUGAR)
values (4,2);
Insert into TBL_LUGARES_X_PROVEEDORES (CODIGO_PROVEEDOR_SERVICIO, CODIGO_LUGAR)
values (3,1);
Insert into TBL_LUGARES_X_PROVEEDORES (CODIGO_PROVEEDOR_SERVICIO, CODIGO_LUGAR)
values (2,2);
Insert into TBL_LUGARES_X_PROVEEDORES (CODIGO_PROVEEDOR_SERVICIO, CODIGO_LUGAR)
values (1,2);
Insert into TBL_LUGARES_X_PROVEEDORES (CODIGO_PROVEEDOR_SERVICIO, CODIGO_LUGAR)
values (2,1);
Insert into TBL_LUGARES_X_PROVEEDORES (CODIGO_PROVEEDOR_SERVICIO, CODIGO_LUGAR)
values (3,2);




Insert into TBL_USUARIOS (CODIGO_USUARIO, CODIGO_GENERO, CODIGO_LUGAR_VIVE, CODIGO_MARCA_TELEFONO_M, CODIGO_PROVEEDOR_SERVICIO, CODIGO_TIPO_USUARIO, CODIGO_PLANES_CUENTA, NOMBRE_COMPLETO, FECHA_NACIMIENTO, USUARIO_PLATAFORMA, CORREO_ELECTRONICO, CONTRASENA, NUMERO_TELEFONO)
values (1, 1, 7, 2, 1, 1, 1, 'Carlos Roberto Ramos', TO_DATE('12-12-93', 'DD-MM-YY'), 'CRassassin9', 'carlos@gmail.com', 'hola123', 74);
Insert into TBL_USUARIOS (CODIGO_USUARIO, CODIGO_GENERO, CODIGO_LUGAR_VIVE, CODIGO_MARCA_TELEFONO_M, CODIGO_PROVEEDOR_SERVICIO, CODIGO_TIPO_USUARIO, CODIGO_PLANES_CUENTA, NOMBRE_COMPLETO, FECHA_NACIMIENTO, USUARIO_PLATAFORMA, CORREO_ELECTRONICO, CONTRASENA, NUMERO_TELEFONO)
values (2, 2, 8, 3, 2, 1, 1, 'Maria Gonzales Ramirez', TO_DATE('12-12-89', 'DD-MM-YY'), 'Mary9999', 'maria@gmail.com', 'hola123', 79);
Insert into TBL_USUARIOS (CODIGO_USUARIO, CODIGO_GENERO, CODIGO_LUGAR_VIVE, CODIGO_MARCA_TELEFONO_M, CODIGO_PROVEEDOR_SERVICIO, CODIGO_TIPO_USUARIO, CODIGO_PLANES_CUENTA, NOMBRE_COMPLETO, FECHA_NACIMIENTO, USUARIO_PLATAFORMA, CORREO_ELECTRONICO, CONTRASENA, NUMERO_TELEFONO)
values (3, 1, 9, 5, 2, 1, 1, 'Josue Ramon Perez', TO_DATE('12-12-72', 'DD-MM-YY'), 'PerezBoy7', 'perez@gmail.com', 'hola123', 40);
Insert into TBL_USUARIOS (CODIGO_USUARIO, CODIGO_GENERO, CODIGO_LUGAR_VIVE, CODIGO_MARCA_TELEFONO_M, CODIGO_PROVEEDOR_SERVICIO, CODIGO_TIPO_USUARIO, CODIGO_PLANES_CUENTA, NOMBRE_COMPLETO, FECHA_NACIMIENTO, USUARIO_PLATAFORMA, CORREO_ELECTRONICO, CONTRASENA, NUMERO_TELEFONO)
values (4, 1, 9, 5, 2, 2, 2, 'Abdiel Gomez', TO_DATE('12-12-79', 'DD-MM-YY'), 'bdioes11', 'gomez@gmail.com', 'como123', 58746932);
Insert into TBL_USUARIOS (CODIGO_USUARIO, CODIGO_GENERO, CODIGO_LUGAR_VIVE, CODIGO_MARCA_TELEFONO_M, CODIGO_PROVEEDOR_SERVICIO, CODIGO_TIPO_USUARIO, CODIGO_PLANES_CUENTA, NOMBRE_COMPLETO, FECHA_NACIMIENTO, USUARIO_PLATAFORMA, CORREO_ELECTRONICO, CONTRASENA, NUMERO_TELEFONO)
values (5, 2, 8, 5, 1, 2, 1, 'Marlen Funez', TO_DATE('12-12-60', 'DD-MM-YY'), 'best777', 'm19960@gmail.com', 'password123', 95145236);
Insert into TBL_USUARIOS (CODIGO_USUARIO, CODIGO_GENERO, CODIGO_LUGAR_VIVE, CODIGO_MARCA_TELEFONO_M, CODIGO_PROVEEDOR_SERVICIO, CODIGO_TIPO_USUARIO, CODIGO_PLANES_CUENTA, NOMBRE_COMPLETO, FECHA_NACIMIENTO, USUARIO_PLATAFORMA, CORREO_ELECTRONICO, CONTRASENA, NUMERO_TELEFONO)
values (6, 1, 9, 4, 2, 2, 1, 'Leonel Messi', TO_DATE('12-12-85', 'DD-MM-YY'), 'leo98745', 'leogol@gmail.com', 'como123456', 96746932);




Insert into TBL_REDES_SOCIALES (CODIGO_RED_SOCIAL, NOMBRE_RED_SOCIAL)
values (1,'Facebook');
Insert into TBL_REDES_SOCIALES (CODIGO_RED_SOCIAL, NOMBRE_RED_SOCIAL)
values (2,'Twitter');
Insert into TBL_REDES_SOCIALES (CODIGO_RED_SOCIAL, NOMBRE_RED_SOCIAL)
values (3,'Telegram');
Insert into TBL_REDES_SOCIALES (CODIGO_RED_SOCIAL, NOMBRE_RED_SOCIAL)
values (4,'Skype');
Insert into TBL_REDES_SOCIALES (CODIGO_RED_SOCIAL, NOMBRE_RED_SOCIAL)
values (5,'Tumblr');



Insert into TBL_VINCULO_DATOS_RS (CODIGO_VINCULO_DATOS_RS, CODIGO_RED_SOCIAL, CODIGO_USUARIO)
values (1, 1, 1);
Insert into TBL_VINCULO_DATOS_RS (CODIGO_VINCULO_DATOS_RS, CODIGO_RED_SOCIAL, CODIGO_USUARIO)
values (2, 1, 2);
Insert into TBL_VINCULO_DATOS_RS (CODIGO_VINCULO_DATOS_RS, CODIGO_RED_SOCIAL, CODIGO_USUARIO)
values (3, 1, 3);
Insert into TBL_VINCULO_DATOS_RS (CODIGO_VINCULO_DATOS_RS, CODIGO_RED_SOCIAL, CODIGO_USUARIO)
values (4, 2, 2);



Insert into TBL_TIPO_TARJETA (CODIGO_TIPO_TARJETA, NOMBRE_TIPO_TARGETA)
values (1,'VISA');
Insert into TBL_TIPO_TARJETA (CODIGO_TIPO_TARJETA, NOMBRE_TIPO_TARGETA)
values (2,'MASTERCARD');
Insert into TBL_TIPO_TARJETA (CODIGO_TIPO_TARJETA, NOMBRE_TIPO_TARGETA)
values (3,'AMERICAN EXPRESS');



Insert into TBL_METODO_PAGO (CODIGO_METODO_PAGO, NOMBRE_METODO_PAGO)
values (1,'Tarjeta');
Insert into TBL_METODO_PAGO (CODIGO_METODO_PAGO, NOMBRE_METODO_PAGO)
values (2,'Paypal');



Insert into TBL_DATOS_PAGO (CODIGO_DATOS_PAGO, CODIGO_TIPO_TARJETA, CODIGO_METODO_PAGO, NUMERO_TARJETA, MES, ANIO, CODIGO_SEGURIDAD)
values (1, 1, 1, 1115896512, 05, 2021, 865);
Insert into TBL_DATOS_PAGO (CODIGO_DATOS_PAGO, CODIGO_TIPO_TARJETA, CODIGO_METODO_PAGO, NUMERO_TARJETA, MES, ANIO, CODIGO_SEGURIDAD)
values (2, 2, 1, 1245859645, 06, 2026, 954);
Insert into TBL_DATOS_PAGO (CODIGO_DATOS_PAGO, CODIGO_TIPO_TARJETA, CODIGO_METODO_PAGO, NUMERO_TARJETA, MES, ANIO, CODIGO_SEGURIDAD)
values (3, 3, 1, 2541456325, 09, 2020, 471);
Insert into TBL_DATOS_PAGO (CODIGO_DATOS_PAGO, CODIGO_TIPO_TARJETA, CODIGO_METODO_PAGO, NUMERO_TARJETA, MES, ANIO, CODIGO_SEGURIDAD)
values (4, 1, 1, 2541125478, 10, 2019, 321);
Insert into TBL_DATOS_PAGO (CODIGO_DATOS_PAGO, CODIGO_TIPO_TARJETA, CODIGO_METODO_PAGO, NUMERO_TARJETA, MES, ANIO, CODIGO_SEGURIDAD)
values (5, 2, 1, 9658569874, 12, 2023, 123);




Insert into TBL_RECIBOS_PAGO (CODIGO_RECIBO_PAGO, CODIGO_USUARIO, CODIGO_LUGAR_EMITE, CODIGO_DATOS_PAGO, FECHA_EMITIO_RECIBO, MONTO_PAGAR)
values (1, 1, 7, 2, TO_DATE('05-09-18','DD-MM-YY'), 5.99);
Insert into TBL_RECIBOS_PAGO (CODIGO_RECIBO_PAGO, CODIGO_USUARIO, CODIGO_LUGAR_EMITE, CODIGO_DATOS_PAGO, FECHA_EMITIO_RECIBO, MONTO_PAGAR)
values (2, 2, 8, 3, TO_DATE('03-09-18','DD-MM-YY'), 0.99);
Insert into TBL_RECIBOS_PAGO (CODIGO_RECIBO_PAGO, CODIGO_USUARIO, CODIGO_LUGAR_EMITE, CODIGO_DATOS_PAGO, FECHA_EMITIO_RECIBO, MONTO_PAGAR)
values (3, 3, 9, 1, TO_DATE('10-09-18','DD-MM-YY'), 5.99);
Insert into TBL_RECIBOS_PAGO (CODIGO_RECIBO_PAGO, CODIGO_USUARIO, CODIGO_LUGAR_EMITE, CODIGO_DATOS_PAGO, FECHA_EMITIO_RECIBO, MONTO_PAGAR)
values (4, 1, 8, 5, TO_DATE('01-09-18','DD-MM-YY'), 8.99);




Insert into TBL_TIPO_REPORTE (CODIGO_TIPO_REPORTE, NOMBRE_TIPO_REPORTE)
values (1,'Derechos de autor');
Insert into TBL_TIPO_REPORTE (CODIGO_TIPO_REPORTE, NOMBRE_TIPO_REPORTE)
values (2,'Marca comercial');
Insert into TBL_TIPO_REPORTE (CODIGO_TIPO_REPORTE, NOMBRE_TIPO_REPORTE)
values (3,'Contenido ofensivo, violento o inapropiado');
Insert into TBL_TIPO_REPORTE (CODIGO_TIPO_REPORTE, NOMBRE_TIPO_REPORTE)
values (4,'imagen personal o identidad');


Insert into TBL_TARJETA_REGALO (CODIGO_TARJETA_REGALO, CODIGO_LUGAR, CODIGO_USUARIO, FECHA_CAJEA, CODIGO_A_CAJEAR)
values (1, 7, 2, TO_DATE('02-05-17','DD-MM-YY'), 124578965447);
Insert into TBL_TARJETA_REGALO (CODIGO_TARJETA_REGALO, CODIGO_LUGAR, CODIGO_USUARIO, FECHA_CAJEA, CODIGO_A_CAJEAR)
values (2, 7, 3, TO_DATE('06-09-16','DD-MM-YY'), 235685745896);
Insert into TBL_TARJETA_REGALO (CODIGO_TARJETA_REGALO, CODIGO_LUGAR, CODIGO_USUARIO, FECHA_CAJEA, CODIGO_A_CAJEAR)
values (3, 9, 2, TO_DATE('02-06-18','DD-MM-YY'), 524587789658);


Insert into TBL_VINCULO_APLICACIONES (CODIGO_VINCULO_APLICACIONES, CODIGO_USUARIO, NOMBRE_APLICACION_VINCULO)
values (1, 1, 'Discord');
Insert into TBL_VINCULO_APLICACIONES (CODIGO_VINCULO_APLICACIONES, CODIGO_USUARIO, NOMBRE_APLICACION_VINCULO)
values (2, 2, 'Musixmatch');
Insert into TBL_VINCULO_APLICACIONES (CODIGO_VINCULO_APLICACIONES, CODIGO_USUARIO, NOMBRE_APLICACION_VINCULO)
values (3, 1, 'PlaySation Network');
Insert into TBL_VINCULO_APLICACIONES (CODIGO_VINCULO_APLICACIONES, CODIGO_USUARIO, NOMBRE_APLICACION_VINCULO)
values (4, 3, 'Musixmatch');
Insert into TBL_VINCULO_APLICACIONES (CODIGO_VINCULO_APLICACIONES, CODIGO_USUARIO, NOMBRE_APLICACION_VINCULO)
values (5, 2, 'PlaySation Network');



Insert into TBL_TIPO_EMPRESA (CODIGO_TIPO_EMPRESA, NOMBRE_TIPO_EMPRESA)
values (1, 'Tecnologia');
Insert into TBL_TIPO_EMPRESA (CODIGO_TIPO_EMPRESA, NOMBRE_TIPO_EMPRESA)
values (2, 'Salud');
Insert into TBL_TIPO_EMPRESA (CODIGO_TIPO_EMPRESA, NOMBRE_TIPO_EMPRESA)
values (3, 'Video juegos');
Insert into TBL_TIPO_EMPRESA (CODIGO_TIPO_EMPRESA, NOMBRE_TIPO_EMPRESA)
values (4, 'Comidas');
Insert into TBL_TIPO_EMPRESA (CODIGO_TIPO_EMPRESA, NOMBRE_TIPO_EMPRESA)
values (5, 'Moda');




Insert into TBL_EMPRESAS_PUBLICIDAD (CODIGO_EMPRESA_PUBLICIDAD, CODIGO_TIPO_EMPRESA, CODIGO_LUGAR_RECIDE, NOMBRE_EMPRESA, CORREO_ELECTRONICO, TELEFONO, DESCRIPCION_EMPRESA, PAGINA_WEB)
values (1, 4, 7, 'Baleadas popular', 'baleadacliente@gmail.com', 22356985, 'Empresa dedicada a alimentar al pueblo hondureno con las mejores y mas jugosas baleadas...', 'www.baleadaspopular.com');
Insert into TBL_EMPRESAS_PUBLICIDAD (CODIGO_EMPRESA_PUBLICIDAD, CODIGO_TIPO_EMPRESA, CODIGO_LUGAR_RECIDE, NOMBRE_EMPRESA, CORREO_ELECTRONICO, TELEFONO, DESCRIPCION_EMPRESA, PAGINA_WEB)
values (2, 1, 1, 'Tigo', 'Tigo@gmail.com', 22236895, 'Empresa dedicada a la comunicacion instantanea entre personas', 'www.tigo.com');
Insert into TBL_EMPRESAS_PUBLICIDAD (CODIGO_EMPRESA_PUBLICIDAD, CODIGO_TIPO_EMPRESA, CODIGO_LUGAR_RECIDE, NOMBRE_EMPRESA, CORREO_ELECTRONICO, TELEFONO, DESCRIPCION_EMPRESA, PAGINA_WEB)
values (3, 1, 2, 'Claro', 'claro@gmail.com', 22336985, 'Empresa dedicada a brindar lo mejor en telefonia e internet a nivel nacional', 'www.claro.com');





Insert into TBL_TIPO_VIZUALIZAR_PUBLICIDAD (CODIGO_TIPO_VIZUALIZAR_P, NOMBRE_VIZUALIZAR_PUBLICIDAD)
values (1, 'Banner');
Insert into TBL_TIPO_VIZUALIZAR_PUBLICIDAD (CODIGO_TIPO_VIZUALIZAR_P, NOMBRE_VIZUALIZAR_PUBLICIDAD)
values (2, 'Video');
Insert into TBL_TIPO_VIZUALIZAR_PUBLICIDAD (CODIGO_TIPO_VIZUALIZAR_P, NOMBRE_VIZUALIZAR_PUBLICIDAD)
values (3, 'Sonido');



Insert into TBL_PUBLICIDAD (CODIGO_PUBLICIDAD, CODIGO_EMPRESA_PUBLICIDAD, CODIGO_TIPO_VIZUALIZAR_P)
values (1, 1, 1);
Insert into TBL_PUBLICIDAD (CODIGO_PUBLICIDAD, CODIGO_EMPRESA_PUBLICIDAD, CODIGO_TIPO_VIZUALIZAR_P)
values (2, 3, 2);
Insert into TBL_PUBLICIDAD (CODIGO_PUBLICIDAD, CODIGO_EMPRESA_PUBLICIDAD, CODIGO_TIPO_VIZUALIZAR_P)
values (3, 3, 1);
Insert into TBL_PUBLICIDAD (CODIGO_PUBLICIDAD, CODIGO_EMPRESA_PUBLICIDAD, CODIGO_TIPO_VIZUALIZAR_P)
values (4, 2, 2);



Insert into TBL_PUBLICIDAD_X_USUARIO (CODIGO_USUARIO, CODIGO_PUBLICIDAD, FECHA_MOSTRO)
values (1, 3, TO_DATE('03-10-18','DD-MM-YY'));
Insert into TBL_PUBLICIDAD_X_USUARIO (CODIGO_USUARIO, CODIGO_PUBLICIDAD, FECHA_MOSTRO)
values (2, 2, TO_DATE('09-02-18','DD-MM-YY'));
Insert into TBL_PUBLICIDAD_X_USUARIO (CODIGO_USUARIO, CODIGO_PUBLICIDAD, FECHA_MOSTRO)
values (2, 4, TO_DATE('10-11-18','DD-MM-YY'));


Insert into TBL_CATEGORIAS (CODIGO_CATEGORIA, NOMBRE_CATEGORIA, DESCRIPCION_CATEGORIA)
values (1, 'Tecnologia y ciencia', 'Conociendo mas a detalle la tecnologia y sus usos en las distintas areas');
Insert into TBL_CATEGORIAS (CODIGO_CATEGORIA, NOMBRE_CATEGORIA, DESCRIPCION_CATEGORIA)
values (2, 'Politica', 'Debate de temas generales y de total inportancia en una nacion');
Insert into TBL_CATEGORIAS (CODIGO_CATEGORIA, NOMBRE_CATEGORIA, DESCRIPCION_CATEGORIA)
values (3, 'Farandula', 'Conoce los ms obcuros secretos de tus artistas favoritos');



Insert into TBL_PODCAST (CODIGO_PODCAST, CODIGO_CATEGORIA, NOMBRE_PODCAST, DESCRIPCION_PODCAST, FECHA_CREACION)
values (1, 2, 'Trump y el muro', 'Te hablamos un poco acerca de la realidad nacional y la inmigracion en el pais', TO_DATE('04-12-17','DD-MM-YY'));
Insert into TBL_PODCAST (CODIGO_PODCAST, CODIGO_CATEGORIA, NOMBRE_PODCAST, DESCRIPCION_PODCAST, FECHA_CREACION)
values (2, 3, 'Jerson y su amor', 'Te contamos mas adetalle de quien es Jerson y su historia (COMO SOS VA!!)', TO_DATE('09-12-18','DD-MM-YY'));
Insert into TBL_PODCAST (CODIGO_PODCAST, CODIGO_CATEGORIA, NOMBRE_PODCAST, DESCRIPCION_PODCAST, FECHA_CREACION)
values (3, 1, 'PS5 y mas', 'Hablamos acerca de la nueva o mejor dicho Next Gen de consolas especialmente de PS5', TO_DATE('04-12-17','DD-MM-YY'));


Insert into TBL_EPISODIOS_PODCAST (CODIGO_EPISODIO_PODCAST, CODIGO_PODCAST, TITULO_EPISODIO, DESCRIPCION_EPISODIO, FECHA_TRANSMITIO, DURACION)
values (1, 3, 'Hardware de ps5', 'Hablamos del nuevo hardware que esta consola tendra', TO_DATE('04-02-18','DD-MM-YY'), 23);
Insert into TBL_EPISODIOS_PODCAST (CODIGO_EPISODIO_PODCAST, CODIGO_PODCAST, TITULO_EPISODIO, DESCRIPCION_EPISODIO, FECHA_TRANSMITIO, DURACION)
values (2, 3, 'Juegos de ps5', 'Hablamos de los nuevos titulos que esta consola tendra', TO_DATE('20-02-18','DD-MM-YY'), 50);
Insert into TBL_EPISODIOS_PODCAST (CODIGO_EPISODIO_PODCAST, CODIGO_PODCAST, TITULO_EPISODIO, DESCRIPCION_EPISODIO, FECHA_TRANSMITIO, DURACION)
values (3, 3, 'Rumores calientes de ps5', 'Que podemos esperar en el 2019 aqui te contamos todo', TO_DATE('20-09-18','DD-MM-YY'), 40);
Insert into TBL_EPISODIOS_PODCAST (CODIGO_EPISODIO_PODCAST, CODIGO_PODCAST, TITULO_EPISODIO, DESCRIPCION_EPISODIO, FECHA_TRANSMITIO, DURACION)
values (4, 1, 'Trump vs la caravana', 'De que se habla en el congreso con respecto a la caravana de inmigrantes???', TO_DATE('22-10-18','DD-MM-YY'), 110);


Insert into TBL_USUARIO_X_PODCAST (CODIGO_USUARIO, CODIGO_PODCAST)
values (4, 3);
Insert into TBL_USUARIO_X_PODCAST (CODIGO_USUARIO, CODIGO_PODCAST)
values (5, 2);
Insert into TBL_USUARIO_X_PODCAST (CODIGO_USUARIO, CODIGO_PODCAST)
values (6, 1);
Insert into TBL_USUARIO_X_PODCAST (CODIGO_USUARIO, CODIGO_PODCAST)
values (6, 3);
Insert into TBL_USUARIO_X_PODCAST (CODIGO_USUARIO, CODIGO_PODCAST)
values (5, 1);


------------CLaudio INserts :) ----------

INSERT INTO tbl_grupos_o_artistas (codigo_grupos_o_artistas,CODIGO_LUGAR_FORMO_NACE,CODIGO_LUGAR_RESIDE,NOMBRE_GRUPO_O_ARTISTA,BIOGRAFIA,IMAGEN) VALUES (1,1,2,'Ricardo Arjona','biografia','../img/RicardoArjona.jpg');
INSERT INTO tbl_grupos_o_artistas (codigo_grupos_o_artistas,CODIGO_LUGAR_FORMO_NACE,CODIGO_LUGAR_RESIDE,NOMBRE_GRUPO_O_ARTISTA,BIOGRAFIA,IMAGEN) VALUES (2,4,2,'Freddie Mercury','biografia','../img/FreddieMercury.jpg');
INSERT INTO tbl_grupos_o_artistas (codigo_grupos_o_artistas,CODIGO_LUGAR_FORMO_NACE,CODIGO_LUGAR_RESIDE,NOMBRE_GRUPO_O_ARTISTA,BIOGRAFIA,IMAGEN) VALUES (3,6,6,'Slipknot','biografia','../img/Slipknot.jpg');
INSERT INTO tbl_grupos_o_artistas (codigo_grupos_o_artistas,CODIGO_LUGAR_FORMO_NACE,CODIGO_LUGAR_RESIDE,NOMBRE_GRUPO_O_ARTISTA,BIOGRAFIA,IMAGEN) VALUES (4,8,7,'Katy Perry','biografia','../img/KatyPerry.jpg');
INSERT INTO tbl_grupos_o_artistas (codigo_grupos_o_artistas,CODIGO_LUGAR_FORMO_NACE,CODIGO_LUGAR_RESIDE,NOMBRE_GRUPO_O_ARTISTA,BIOGRAFIA,IMAGEN) VALUES (5,7,7,'Madonna','biografia','../img/Madonna.jpg');
INSERT INTO tbl_grupos_o_artistas (codigo_grupos_o_artistas,CODIGO_LUGAR_FORMO_NACE,CODIGO_LUGAR_RESIDE,NOMBRE_GRUPO_O_ARTISTA,BIOGRAFIA,IMAGEN) VALUES (6,9,4,'Michael Jackson','biografia','../img/MichaelJackson.jpg');
INSERT INTO tbl_grupos_o_artistas (codigo_grupos_o_artistas,CODIGO_LUGAR_FORMO_NACE,CODIGO_LUGAR_RESIDE,NOMBRE_GRUPO_O_ARTISTA,BIOGRAFIA,IMAGEN) VALUES (7,1,9,'Linkin Park','biografia','../img/LinkinPark.jpg');
INSERT INTO tbl_grupos_o_artistas (codigo_grupos_o_artistas,CODIGO_LUGAR_FORMO_NACE,CODIGO_LUGAR_RESIDE,NOMBRE_GRUPO_O_ARTISTA,BIOGRAFIA,IMAGEN) VALUES (8,8,3,'Daddy Yankee','biografia','../img/DaddyYankee.jpg');
INSERT INTO tbl_grupos_o_artistas (codigo_grupos_o_artistas,CODIGO_LUGAR_FORMO_NACE,CODIGO_LUGAR_RESIDE,NOMBRE_GRUPO_O_ARTISTA,BIOGRAFIA,IMAGEN) VALUES (9,7,3,'Fall Out Boys','biografia','../img/FallOutBoys.jpg');
INSERT INTO tbl_grupos_o_artistas (codigo_grupos_o_artistas,CODIGO_LUGAR_FORMO_NACE,CODIGO_LUGAR_RESIDE,NOMBRE_GRUPO_O_ARTISTA,BIOGRAFIA,IMAGEN) VALUES (10,8,2,'Nicky Minaj','biografia','../img/NickyMinaj.jpg');


INSERT INTO tbl_albumes_musicales(codigo_album_musical,CODIGO_GRUPOS_O_ARTISTAS,NOMBRE_ALBUM_MUSICAL,DURACION_ALBUM) VALUES (1,1,'Déjame decir que te amo',5000);
INSERT INTO tbl_albumes_musicales(codigo_album_musical,CODIGO_GRUPOS_O_ARTISTAS,NOMBRE_ALBUM_MUSICAL,DURACION_ALBUM) VALUES (2,1,'Adentro',5000);

INSERT INTO tbl_albumes_musicales(codigo_album_musical,CODIGO_GRUPOS_O_ARTISTAS,NOMBRE_ALBUM_MUSICAL,DURACION_ALBUM) VALUES (3,2,'News of the World',5000);
INSERT INTO tbl_albumes_musicales(codigo_album_musical,CODIGO_GRUPOS_O_ARTISTAS,NOMBRE_ALBUM_MUSICAL,DURACION_ALBUM) VALUES (4,2,'Made in Heaven',5000);

INSERT INTO tbl_albumes_musicales(codigo_album_musical,CODIGO_GRUPOS_O_ARTISTAS,NOMBRE_ALBUM_MUSICAL,DURACION_ALBUM) VALUES (5,3,'Iowa',5000);
INSERT INTO tbl_albumes_musicales(codigo_album_musical,CODIGO_GRUPOS_O_ARTISTAS,NOMBRE_ALBUM_MUSICAL,DURACION_ALBUM) VALUES (6,3,'Vol. 3: (The Subliminal Verses)',5000);

INSERT INTO tbl_albumes_musicales(codigo_album_musical,CODIGO_GRUPOS_O_ARTISTAS,NOMBRE_ALBUM_MUSICAL,DURACION_ALBUM) VALUES (7,4,'One of the Boys',5000);
INSERT INTO tbl_albumes_musicales(codigo_album_musical,CODIGO_GRUPOS_O_ARTISTAS,NOMBRE_ALBUM_MUSICAL,DURACION_ALBUM) VALUES (8,4,'Teenage Dream',5000);

INSERT INTO tbl_albumes_musicales(codigo_album_musical,CODIGO_GRUPOS_O_ARTISTAS,NOMBRE_ALBUM_MUSICAL,DURACION_ALBUM) VALUES (9,5,'Bedtime Stories',5000);
INSERT INTO tbl_albumes_musicales(codigo_album_musical,CODIGO_GRUPOS_O_ARTISTAS,NOMBRE_ALBUM_MUSICAL,DURACION_ALBUM) VALUES (10,5,'American Life',5000);

INSERT INTO tbl_albumes_musicales(codigo_album_musical,CODIGO_GRUPOS_O_ARTISTAS,NOMBRE_ALBUM_MUSICAL,DURACION_ALBUM) VALUES (11,6,'Thriller',5000);
INSERT INTO tbl_albumes_musicales(codigo_album_musical,CODIGO_GRUPOS_O_ARTISTAS,NOMBRE_ALBUM_MUSICAL,DURACION_ALBUM) VALUES (12,6,'Blood on the Dance Floor: HIStory in the Mix',5000);

INSERT INTO tbl_albumes_musicales(codigo_album_musical,CODIGO_GRUPOS_O_ARTISTAS,NOMBRE_ALBUM_MUSICAL,DURACION_ALBUM) VALUES (13,7,'Hybrid Theory',5000);
INSERT INTO tbl_albumes_musicales(codigo_album_musical,CODIGO_GRUPOS_O_ARTISTAS,NOMBRE_ALBUM_MUSICAL,DURACION_ALBUM) VALUES (14,7,'Meteora',5000);

INSERT INTO tbl_albumes_musicales(codigo_album_musical,CODIGO_GRUPOS_O_ARTISTAS,NOMBRE_ALBUM_MUSICAL,DURACION_ALBUM) VALUES (15,8,'Barrio fino',5000);
INSERT INTO tbl_albumes_musicales(codigo_album_musical,CODIGO_GRUPOS_O_ARTISTAS,NOMBRE_ALBUM_MUSICAL,DURACION_ALBUM) VALUES (16,8,'Mundial',5000);

INSERT INTO tbl_albumes_musicales(codigo_album_musical,CODIGO_GRUPOS_O_ARTISTAS,NOMBRE_ALBUM_MUSICAL,DURACION_ALBUM) VALUES (17,9,'From Under the Cork Tree',5000);
INSERT INTO tbl_albumes_musicales(codigo_album_musical,CODIGO_GRUPOS_O_ARTISTAS,NOMBRE_ALBUM_MUSICAL,DURACION_ALBUM) VALUES (18,9,'Infinity on High',5000);

INSERT INTO tbl_albumes_musicales(codigo_album_musical,CODIGO_GRUPOS_O_ARTISTAS,NOMBRE_ALBUM_MUSICAL,DURACION_ALBUM) VALUES (19,10,'Pink Friday',5000);
INSERT INTO tbl_albumes_musicales(codigo_album_musical,CODIGO_GRUPOS_O_ARTISTAS,NOMBRE_ALBUM_MUSICAL,DURACION_ALBUM) VALUES (20,10,'The Pinkprint',5000);

COMMIT;



