Insert into TBL_GENERO (CODIGO_GENERO, NOMBRE_GENERO)
values (1,'Masculino');
Insert into TBL_GENERO (CODIGO_GENERO, NOMBRE_GENERO)
values (2,'Femenino');
Insert into TBL_GENERO (CODIGO_GENERO, NOMBRE_GENERO)
values (3,'No binario');


Insert into TBL_TIPO_USUARIO (CODIGO_TIPO_USUARIO, NOMBRE_TIPO_USUARIO)
values (1,'Normal');
Insert into TBL_TIPO_USUARIO (CODIGO_TIPO_USUARIO, NOMBRE_TIPO_USUARIO)
values (2,'Transmite');


Insert into TBL_PLANES_DE_CUENTAS (CODIGO_PLANES_CUENTA, NOMBRE_PLAN)
values (1,'FREE');
Insert into TBL_PLANES_DE_CUENTAS (CODIGO_PLANES_CUENTA, NOMBRE_PLAN)
values (2,'PREMIUM');   


Insert into TBL_MARCA_TELEFONO_M (CODIGO_MARCA_TELEFONO_M, NOMBRE_MARCA_TELEFONO_M)
values (1,'HTC');
Insert into TBL_MARCA_TELEFONO_M (CODIGO_MARCA_TELEFONO_M, NOMBRE_MARCA_TELEFONO_M)
values (2,'Lenovo');
Insert into TBL_MARCA_TELEFONO_M (CODIGO_MARCA_TELEFONO_M, NOMBRE_MARCA_TELEFONO_M)
values (3,'Windows mobile');
Insert into TBL_MARCA_TELEFONO_M (CODIGO_MARCA_TELEFONO_M, NOMBRE_MARCA_TELEFONO_M)
values (4,'Apple iphone');
Insert into TBL_MARCA_TELEFONO_M (CODIGO_MARCA_TELEFONO_M, NOMBRE_MARCA_TELEFONO_M)
values (5,'Blackberry');
Insert into TBL_MARCA_TELEFONO_M (CODIGO_MARCA_TELEFONO_M, NOMBRE_MARCA_TELEFONO_M)
values (6,'LG');
Insert into TBL_MARCA_TELEFONO_M (CODIGO_MARCA_TELEFONO_M, NOMBRE_MARCA_TELEFONO_M)
values (7,'Motorola');
Insert into TBL_MARCA_TELEFONO_M (CODIGO_MARCA_TELEFONO_M, NOMBRE_MARCA_TELEFONO_M)
values (8,'Nokia');
Insert into TBL_MARCA_TELEFONO_M (CODIGO_MARCA_TELEFONO_M, NOMBRE_MARCA_TELEFONO_M)
values (9,'Samsung');
Insert into TBL_MARCA_TELEFONO_M (CODIGO_MARCA_TELEFONO_M, NOMBRE_MARCA_TELEFONO_M)
values (10,'Sony ericsson');



Insert into TBL_SISTEMAS_OPERATIVOS (CODIGO_SISTEMA_OPERATIVO, NOMBRE_SISTEMA_OPERATIVO)
values (1,'Android');
Insert into TBL_SISTEMAS_OPERATIVOS (CODIGO_SISTEMA_OPERATIVO, NOMBRE_SISTEMA_OPERATIVO)
values (2,'IOS');
Insert into TBL_SISTEMAS_OPERATIVOS (CODIGO_SISTEMA_OPERATIVO, NOMBRE_SISTEMA_OPERATIVO)
values (3,'Windows phone');
Insert into TBL_SISTEMAS_OPERATIVOS (CODIGO_SISTEMA_OPERATIVO, NOMBRE_SISTEMA_OPERATIVO)
values (4,'Blackberry');
Insert into TBL_SISTEMAS_OPERATIVOS (CODIGO_SISTEMA_OPERATIVO, NOMBRE_SISTEMA_OPERATIVO)
values (5,'Symbian OS');


Insert into TBL_MARCA_TELEFONO_X_SO (CODIGO_MARCA_TELEFONO_M, CODIGO_SISTEMA_OPERATIVO)
values (1,1);
Insert into TBL_MARCA_TELEFONO_X_SO (CODIGO_MARCA_TELEFONO_M, CODIGO_SISTEMA_OPERATIVO)
values (1,3);
Insert into TBL_MARCA_TELEFONO_X_SO (CODIGO_MARCA_TELEFONO_M, CODIGO_SISTEMA_OPERATIVO)
values (3,3);
Insert into TBL_MARCA_TELEFONO_X_SO (CODIGO_MARCA_TELEFONO_M, CODIGO_SISTEMA_OPERATIVO)
values (2,5);
Insert into TBL_MARCA_TELEFONO_X_SO (CODIGO_MARCA_TELEFONO_M, CODIGO_SISTEMA_OPERATIVO)
values (4,2);


Insert into TBL_PROVEEDOR_SERVICIO_MOVIL (CODIGO_PROVEEDOR_SERVICIO, NOMBRE_PROVEEDOR_SERVICIO)
values (1,'Tigo');
Insert into TBL_PROVEEDOR_SERVICIO_MOVIL (CODIGO_PROVEEDOR_SERVICIO, NOMBRE_PROVEEDOR_SERVICIO)
values (2,'Claro');
Insert into TBL_PROVEEDOR_SERVICIO_MOVIL (CODIGO_PROVEEDOR_SERVICIO, NOMBRE_PROVEEDOR_SERVICIO)
values (3,'Verizon');
Insert into TBL_PROVEEDOR_SERVICIO_MOVIL (CODIGO_PROVEEDOR_SERVICIO, NOMBRE_PROVEEDOR_SERVICIO)
values (4,'SPRINT');



Insert into TBL_TIPO_LUGAR (CODIGO_TIPO_LUGAR, NOMBRE_TIPO_LUGAR)
values (1,'Pais');
Insert into TBL_TIPO_LUGAR (CODIGO_TIPO_LUGAR, NOMBRE_TIPO_LUGAR)
values (2,'Departamento/Estado');
Insert into TBL_TIPO_LUGAR (CODIGO_TIPO_LUGAR, NOMBRE_TIPO_LUGAR)
values (3,'Ciudad');



Insert into TBL_LUGARES (CODIGO_LUGAR, CODIGO_TIPO_LUGAR, CODIGO_LUGAR_PADRE, NOMBRE_LUGAR, LATITUD, LONGITUD, EXTENCION_TERRITORIAL)
values (1, 1, null, 'Honduras', '112', '144', '122km');
Insert into TBL_LUGARES (CODIGO_LUGAR, CODIGO_TIPO_LUGAR, CODIGO_LUGAR_PADRE, NOMBRE_LUGAR, LATITUD, LONGITUD, EXTENCION_TERRITORIAL)
values (2, 1, null, 'Guatemala', '122', '164', '1652km');
Insert into TBL_LUGARES (CODIGO_LUGAR, CODIGO_TIPO_LUGAR, CODIGO_LUGAR_PADRE, NOMBRE_LUGAR, LATITUD, LONGITUD, EXTENCION_TERRITORIAL)
values (3, 1, null, 'Costa Rica', '102', '145', '162km');
Insert into TBL_LUGARES (CODIGO_LUGAR, CODIGO_TIPO_LUGAR, CODIGO_LUGAR_PADRE, NOMBRE_LUGAR, LATITUD, LONGITUD, EXTENCION_TERRITORIAL)
values (4, 2, 1, 'Francisco morazan', '12', '111', '12km');
Insert into TBL_LUGARES (CODIGO_LUGAR, CODIGO_TIPO_LUGAR, CODIGO_LUGAR_PADRE, NOMBRE_LUGAR, LATITUD, LONGITUD, EXTENCION_TERRITORIAL)
values (5, 2, 2, 'Chiquimula', '1112', '141', '192km');
Insert into TBL_LUGARES (CODIGO_LUGAR, CODIGO_TIPO_LUGAR, CODIGO_LUGAR_PADRE, NOMBRE_LUGAR, LATITUD, LONGITUD, EXTENCION_TERRITORIAL)
values (6, 2, 1, 'Intibuca', '90', '221', '40km');
Insert into TBL_LUGARES (CODIGO_LUGAR, CODIGO_TIPO_LUGAR, CODIGO_LUGAR_PADRE, NOMBRE_LUGAR, LATITUD, LONGITUD, EXTENCION_TERRITORIAL)
values (7, 3, 4, 'Tegucigalpa', '40', '1144', '222km');
Insert into TBL_LUGARES (CODIGO_LUGAR, CODIGO_TIPO_LUGAR, CODIGO_LUGAR_PADRE, NOMBRE_LUGAR, LATITUD, LONGITUD, EXTENCION_TERRITORIAL)
values (8, 3, 5, 'chiquima', '12', '184', '162km');
Insert into TBL_LUGARES (CODIGO_LUGAR, CODIGO_TIPO_LUGAR, CODIGO_LUGAR_PADRE, NOMBRE_LUGAR, LATITUD, LONGITUD, EXTENCION_TERRITORIAL)
values (9, 3, 6, 'La esperanza', '192', '198', '147km');



Insert into TBL_LUGARES_X_PROVEEDORES (CODIGO_PROVEEDOR_SERVICIO, CODIGO_LUGAR)
values (4,1);
Insert into TBL_LUGARES_X_PROVEEDORES (CODIGO_PROVEEDOR_SERVICIO, CODIGO_LUGAR)
values (4,2);
Insert into TBL_LUGARES_X_PROVEEDORES (CODIGO_PROVEEDOR_SERVICIO, CODIGO_LUGAR)
values (3,1);
Insert into TBL_LUGARES_X_PROVEEDORES (CODIGO_PROVEEDOR_SERVICIO, CODIGO_LUGAR)
values (2,2);
Insert into TBL_LUGARES_X_PROVEEDORES (CODIGO_PROVEEDOR_SERVICIO, CODIGO_LUGAR)
values (1,2);
Insert into TBL_LUGARES_X_PROVEEDORES (CODIGO_PROVEEDOR_SERVICIO, CODIGO_LUGAR)
values (2,1);
Insert into TBL_LUGARES_X_PROVEEDORES (CODIGO_PROVEEDOR_SERVICIO, CODIGO_LUGAR)
values (3,2);




Insert into TBL_USUARIOS (CODIGO_USUARIO, CODIGO_GENERO, CODIGO_LUGAR_VIVE, CODIGO_MARCA_TELEFONO_M, CODIGO_PROVEEDOR_SERVICIO, CODIGO_TIPO_USUARIO, CODIGO_PLANES_CUENTA, NOMBRE_COMPLETO, FECHA_NACIMIENTO, USUARIO_PLATAFORMA, CORREO_ELECTRONICO, CONTRASENA, NUMERO_TELEFONO)
values (1, 1, 7, 2, 1, 1, 1, 'Carlos Roberto Ramos', TO_DATE('12-12-1993', 'DD-MM-YYYY'), 'CRassassin9', 'carlos@gmail.com', 'hola123', 74145236);
Insert into TBL_USUARIOS (CODIGO_USUARIO, CODIGO_GENERO, CODIGO_LUGAR_VIVE, CODIGO_MARCA_TELEFONO_M, CODIGO_PROVEEDOR_SERVICIO, CODIGO_TIPO_USUARIO, CODIGO_PLANES_CUENTA, NOMBRE_COMPLETO, FECHA_NACIMIENTO, USUARIO_PLATAFORMA, CORREO_ELECTRONICO, CONTRASENA, NUMERO_TELEFONO)
values (2, 2, 8, 3, 2, 1, 1, 'Maria Gonzales Ramirez', TO_DATE('12-12-1989', 'DD-MM-YYYY'), 'Mary9999', 'maria@gmail.com', 'hola123456', 79789654);
Insert into TBL_USUARIOS (CODIGO_USUARIO, CODIGO_GENERO, CODIGO_LUGAR_VIVE, CODIGO_MARCA_TELEFONO_M, CODIGO_PROVEEDOR_SERVICIO, CODIGO_TIPO_USUARIO, CODIGO_PLANES_CUENTA, NOMBRE_COMPLETO, FECHA_NACIMIENTO, USUARIO_PLATAFORMA, CORREO_ELECTRONICO, CONTRASENA, NUMERO_TELEFONO)
values (3, 1, 9, 5, 2, 1, 1, 'Josue Ramon Perez', TO_DATE('10-12-1972', 'DD-MM-YYYY'), 'PerezBoy7', 'perez@gmail.com', 'mar123', 40415896);
Insert into TBL_USUARIOS (CODIGO_USUARIO, CODIGO_GENERO, CODIGO_LUGAR_VIVE, CODIGO_MARCA_TELEFONO_M, CODIGO_PROVEEDOR_SERVICIO, CODIGO_TIPO_USUARIO, CODIGO_PLANES_CUENTA, NOMBRE_COMPLETO, FECHA_NACIMIENTO, USUARIO_PLATAFORMA, CORREO_ELECTRONICO, CONTRASENA, NUMERO_TELEFONO)
values (4, 1, 9, 5, 2, 2, 2, 'Abdiel Gomez', TO_DATE('12-10-1979', 'DD-MM-YYYY'), 'bdioes11', 'gomez@gmail.com', 'como123', 58746932);
Insert into TBL_USUARIOS (CODIGO_USUARIO, CODIGO_GENERO, CODIGO_LUGAR_VIVE, CODIGO_MARCA_TELEFONO_M, CODIGO_PROVEEDOR_SERVICIO, CODIGO_TIPO_USUARIO, CODIGO_PLANES_CUENTA, NOMBRE_COMPLETO, FECHA_NACIMIENTO, USUARIO_PLATAFORMA, CORREO_ELECTRONICO, CONTRASENA, NUMERO_TELEFONO)
values (5, 2, 8, 5, 1, 2, 1, 'Marlen Funez', TO_DATE('12-05-1960', 'DD-MM-YYYY'), 'best777', 'm19960@gmail.com', 'password123', 95145236);
Insert into TBL_USUARIOS (CODIGO_USUARIO, CODIGO_GENERO, CODIGO_LUGAR_VIVE, CODIGO_MARCA_TELEFONO_M, CODIGO_PROVEEDOR_SERVICIO, CODIGO_TIPO_USUARIO, CODIGO_PLANES_CUENTA, NOMBRE_COMPLETO, FECHA_NACIMIENTO, USUARIO_PLATAFORMA, CORREO_ELECTRONICO, CONTRASENA, NUMERO_TELEFONO)
values (6, 1, 9, 4, 2, 2, 1, 'Leonel Messi', TO_DATE('06-01-1985', 'DD-MM-YYYY'), 'leo98745', 'leogol@gmail.com', 'como123456', 96746932);




Insert into TBL_REDES_SOCIALES (CODIGO_RED_SOCIAL, NOMBRE_RED_SOCIAL)
values (1,'Facebook');
Insert into TBL_REDES_SOCIALES (CODIGO_RED_SOCIAL, NOMBRE_RED_SOCIAL)
values (2,'Twitter');
Insert into TBL_REDES_SOCIALES (CODIGO_RED_SOCIAL, NOMBRE_RED_SOCIAL)
values (3,'Telegram');
Insert into TBL_REDES_SOCIALES (CODIGO_RED_SOCIAL, NOMBRE_RED_SOCIAL)
values (4,'Skype');
Insert into TBL_REDES_SOCIALES (CODIGO_RED_SOCIAL, NOMBRE_RED_SOCIAL)
values (5,'Tumblr');



Insert into TBL_VINCULO_DATOS_RS (CODIGO_VINCULO_DATOS_RS, CODIGO_RED_SOCIAL, CODIGO_USUARIO)
values (1, 1, 1);
Insert into TBL_VINCULO_DATOS_RS (CODIGO_VINCULO_DATOS_RS, CODIGO_RED_SOCIAL, CODIGO_USUARIO)
values (2, 1, 2);
Insert into TBL_VINCULO_DATOS_RS (CODIGO_VINCULO_DATOS_RS, CODIGO_RED_SOCIAL, CODIGO_USUARIO)
values (3, 1, 3);
Insert into TBL_VINCULO_DATOS_RS (CODIGO_VINCULO_DATOS_RS, CODIGO_RED_SOCIAL, CODIGO_USUARIO)
values (4, 2, 2);



Insert into TBL_TIPO_TARJETA (CODIGO_TIPO_TARJETA, NOMBRE_TIPO_TARGETA)
values (1,'VISA');
Insert into TBL_TIPO_TARJETA (CODIGO_TIPO_TARJETA, NOMBRE_TIPO_TARGETA)
values (2,'MASTERCARD');
Insert into TBL_TIPO_TARJETA (CODIGO_TIPO_TARJETA, NOMBRE_TIPO_TARGETA)
values (3,'AMERICAN EXPRESS');



Insert into TBL_METODO_PAGO (CODIGO_METODO_PAGO, NOMBRE_METODO_PAGO)
values (1,'Tarjeta');
Insert into TBL_METODO_PAGO (CODIGO_METODO_PAGO, NOMBRE_METODO_PAGO)
values (2,'Paypal');



Insert into TBL_DATOS_PAGO (CODIGO_DATOS_PAGO, CODIGO_TIPO_TARJETA, CODIGO_METODO_PAGO, NUMERO_TARJETA, MES, ANIO, CODIGO_SEGURIDAD)
values (1, 1, 1, 1115896512, 05, 2021, 865);
Insert into TBL_DATOS_PAGO (CODIGO_DATOS_PAGO, CODIGO_TIPO_TARJETA, CODIGO_METODO_PAGO, NUMERO_TARJETA, MES, ANIO, CODIGO_SEGURIDAD)
values (2, 2, 1, 1245859645, 06, 2026, 954);
Insert into TBL_DATOS_PAGO (CODIGO_DATOS_PAGO, CODIGO_TIPO_TARJETA, CODIGO_METODO_PAGO, NUMERO_TARJETA, MES, ANIO, CODIGO_SEGURIDAD)
values (3, 3, 1, 2541456325, 09, 2020, 471);
Insert into TBL_DATOS_PAGO (CODIGO_DATOS_PAGO, CODIGO_TIPO_TARJETA, CODIGO_METODO_PAGO, NUMERO_TARJETA, MES, ANIO, CODIGO_SEGURIDAD)
values (4, 1, 1, 2541125478, 10, 2019, 321);
Insert into TBL_DATOS_PAGO (CODIGO_DATOS_PAGO, CODIGO_TIPO_TARJETA, CODIGO_METODO_PAGO, NUMERO_TARJETA, MES, ANIO, CODIGO_SEGURIDAD)
values (5, 2, 1, 9658569874, 12, 2023, 123);




Insert into TBL_RECIBOS_PAGO (CODIGO_RECIBO_PAGO, CODIGO_USUARIO, CODIGO_LUGAR_EMITE, CODIGO_DATOS_PAGO, FECHA_EMITIO_RECIBO, MONTO_PAGAR)
values (1, 1, 7, 2, TO_DATE('05-09-18','DD-MM-YY'), 5.99);
Insert into TBL_RECIBOS_PAGO (CODIGO_RECIBO_PAGO, CODIGO_USUARIO, CODIGO_LUGAR_EMITE, CODIGO_DATOS_PAGO, FECHA_EMITIO_RECIBO, MONTO_PAGAR)
values (2, 2, 8, 3, TO_DATE('03-09-18','DD-MM-YY'), 0.99);
Insert into TBL_RECIBOS_PAGO (CODIGO_RECIBO_PAGO, CODIGO_USUARIO, CODIGO_LUGAR_EMITE, CODIGO_DATOS_PAGO, FECHA_EMITIO_RECIBO, MONTO_PAGAR)
values (3, 3, 9, 1, TO_DATE('10-09-18','DD-MM-YY'), 5.99);
Insert into TBL_RECIBOS_PAGO (CODIGO_RECIBO_PAGO, CODIGO_USUARIO, CODIGO_LUGAR_EMITE, CODIGO_DATOS_PAGO, FECHA_EMITIO_RECIBO, MONTO_PAGAR)
values (4, 1, 8, 5, TO_DATE('01-09-18','DD-MM-YY'), 8.99);
Insert into TBL_RECIBOS_PAGO (CODIGO_RECIBO_PAGO, CODIGO_USUARIO, CODIGO_LUGAR_EMITE, CODIGO_DATOS_PAGO, FECHA_EMITIO_RECIBO, MONTO_PAGAR)
values (5, 7, 9, 4, TO_DATE('01-09-17','DD-MM-YY'), 10.99);
Insert into TBL_RECIBOS_PAGO (CODIGO_RECIBO_PAGO, CODIGO_USUARIO, CODIGO_LUGAR_EMITE, CODIGO_DATOS_PAGO, FECHA_EMITIO_RECIBO, MONTO_PAGAR)
values (6, 7, 8, 3, TO_DATE('01-11-18','DD-MM-YY'), 8.99);



Insert into TBL_TIPO_REPORTE (CODIGO_TIPO_REPORTE, NOMBRE_TIPO_REPORTE)
values (1,'Derechos de autor');
Insert into TBL_TIPO_REPORTE (CODIGO_TIPO_REPORTE, NOMBRE_TIPO_REPORTE)
values (2,'Marca comercial');
Insert into TBL_TIPO_REPORTE (CODIGO_TIPO_REPORTE, NOMBRE_TIPO_REPORTE)
values (3,'Contenido ofensivo, violento o inapropiado');
Insert into TBL_TIPO_REPORTE (CODIGO_TIPO_REPORTE, NOMBRE_TIPO_REPORTE)
values (4,'imagen personal o identidad');


Insert into TBL_TARJETA_REGALO (CODIGO_TARJETA_REGALO, CODIGO_LUGAR, CODIGO_USUARIO, FECHA_CAJEA, CODIGO_A_CAJEAR)
values (1, 7, 2, TO_DATE('02-05-17','DD-MM-YY'), 124578965447);
Insert into TBL_TARJETA_REGALO (CODIGO_TARJETA_REGALO, CODIGO_LUGAR, CODIGO_USUARIO, FECHA_CAJEA, CODIGO_A_CAJEAR)
values (2, 7, 3, TO_DATE('06-09-16','DD-MM-YY'), 235685745896);
Insert into TBL_TARJETA_REGALO (CODIGO_TARJETA_REGALO, CODIGO_LUGAR, CODIGO_USUARIO, FECHA_CAJEA, CODIGO_A_CAJEAR)
values (3, 9, 2, TO_DATE('02-06-18','DD-MM-YY'), 524587789658);


Insert into TBL_VINCULO_APLICACIONES (CODIGO_VINCULO_APLICACIONES, CODIGO_USUARIO, NOMBRE_APLICACION_VINCULO)
values (1, 1, 'Discord');
Insert into TBL_VINCULO_APLICACIONES (CODIGO_VINCULO_APLICACIONES, CODIGO_USUARIO, NOMBRE_APLICACION_VINCULO)
values (2, 2, 'Musixmatch');
Insert into TBL_VINCULO_APLICACIONES (CODIGO_VINCULO_APLICACIONES, CODIGO_USUARIO, NOMBRE_APLICACION_VINCULO)
values (3, 1, 'PlaySation Network');
Insert into TBL_VINCULO_APLICACIONES (CODIGO_VINCULO_APLICACIONES, CODIGO_USUARIO, NOMBRE_APLICACION_VINCULO)
values (4, 3, 'Musixmatch');
Insert into TBL_VINCULO_APLICACIONES (CODIGO_VINCULO_APLICACIONES, CODIGO_USUARIO, NOMBRE_APLICACION_VINCULO)
values (5, 2, 'PlaySation Network');



Insert into TBL_TIPO_EMPRESA (CODIGO_TIPO_EMPRESA, NOMBRE_TIPO_EMPRESA)
values (1, 'Tecnologia');
Insert into TBL_TIPO_EMPRESA (CODIGO_TIPO_EMPRESA, NOMBRE_TIPO_EMPRESA)
values (2, 'Salud');
Insert into TBL_TIPO_EMPRESA (CODIGO_TIPO_EMPRESA, NOMBRE_TIPO_EMPRESA)
values (3, 'Video juegos');
Insert into TBL_TIPO_EMPRESA (CODIGO_TIPO_EMPRESA, NOMBRE_TIPO_EMPRESA)
values (4, 'Comidas');
Insert into TBL_TIPO_EMPRESA (CODIGO_TIPO_EMPRESA, NOMBRE_TIPO_EMPRESA)
values (5, 'Moda');




Insert into TBL_EMPRESAS_PUBLICIDAD (CODIGO_EMPRESA_PUBLICIDAD, CODIGO_TIPO_EMPRESA, CODIGO_LUGAR_RECIDE, NOMBRE_EMPRESA, CORREO_ELECTRONICO, TELEFONO, DESCRIPCION_EMPRESA, PAGINA_WEB)
values (1, 4, 7, 'Baleadas popular', 'baleadacliente@gmail.com', 22356985, 'Empresa dedicada a alimentar al pueblo hondureno con las mejores y mas jugosas baleadas...', 'www.baleadaspopular.com');
Insert into TBL_EMPRESAS_PUBLICIDAD (CODIGO_EMPRESA_PUBLICIDAD, CODIGO_TIPO_EMPRESA, CODIGO_LUGAR_RECIDE, NOMBRE_EMPRESA, CORREO_ELECTRONICO, TELEFONO, DESCRIPCION_EMPRESA, PAGINA_WEB)
values (2, 1, 1, 'Tigo', 'Tigo@gmail.com', 22236895, 'Empresa dedicada a la comunicacion instantanea entre personas', 'www.tigo.com');
Insert into TBL_EMPRESAS_PUBLICIDAD (CODIGO_EMPRESA_PUBLICIDAD, CODIGO_TIPO_EMPRESA, CODIGO_LUGAR_RECIDE, NOMBRE_EMPRESA, CORREO_ELECTRONICO, TELEFONO, DESCRIPCION_EMPRESA, PAGINA_WEB)
values (3, 1, 2, 'Claro', 'claro@gmail.com', 22336985, 'Empresa dedicada a brindar lo mejor en telefonia e internet a nivel nacional', 'www.claro.com');





Insert into TBL_TIPO_VIZUALIZAR_PUBLICIDAD (CODIGO_TIPO_VIZUALIZAR_P, NOMBRE_VIZUALIZAR_PUBLICIDAD)
values (1, 'Banner');
Insert into TBL_TIPO_VIZUALIZAR_PUBLICIDAD (CODIGO_TIPO_VIZUALIZAR_P, NOMBRE_VIZUALIZAR_PUBLICIDAD)
values (2, 'Video');
Insert into TBL_TIPO_VIZUALIZAR_PUBLICIDAD (CODIGO_TIPO_VIZUALIZAR_P, NOMBRE_VIZUALIZAR_PUBLICIDAD)
values (3, 'Sonido');



Insert into TBL_PUBLICIDAD (CODIGO_PUBLICIDAD, CODIGO_EMPRESA_PUBLICIDAD, CODIGO_TIPO_VIZUALIZAR_P)
values (1, 1, 1);
Insert into TBL_PUBLICIDAD (CODIGO_PUBLICIDAD, CODIGO_EMPRESA_PUBLICIDAD, CODIGO_TIPO_VIZUALIZAR_P)
values (2, 3, 2);
Insert into TBL_PUBLICIDAD (CODIGO_PUBLICIDAD, CODIGO_EMPRESA_PUBLICIDAD, CODIGO_TIPO_VIZUALIZAR_P)
values (3, 3, 1);
Insert into TBL_PUBLICIDAD (CODIGO_PUBLICIDAD, CODIGO_EMPRESA_PUBLICIDAD, CODIGO_TIPO_VIZUALIZAR_P)
values (4, 2, 2);



Insert into TBL_PUBLICIDAD_X_USUARIO (CODIGO_USUARIO, CODIGO_PUBLICIDAD, FECHA_MOSTRO)
values (1, 3, TO_DATE('03-10-18','DD-MM-YY'));
Insert into TBL_PUBLICIDAD_X_USUARIO (CODIGO_USUARIO, CODIGO_PUBLICIDAD, FECHA_MOSTRO)
values (2, 2, TO_DATE('09-02-18','DD-MM-YY'));
Insert into TBL_PUBLICIDAD_X_USUARIO (CODIGO_USUARIO, CODIGO_PUBLICIDAD, FECHA_MOSTRO)
values (2, 4, TO_DATE('10-11-18','DD-MM-YY'));


Insert into TBL_CATEGORIAS (CODIGO_CATEGORIA, NOMBRE_CATEGORIA, DESCRIPCION_CATEGORIA)
values (1, 'Tecnologia y ciencia', 'Conociendo mas a detalle la tecnologia y sus usos en las distintas areas');
Insert into TBL_CATEGORIAS (CODIGO_CATEGORIA, NOMBRE_CATEGORIA, DESCRIPCION_CATEGORIA)
values (2, 'Politica', 'Debate de temas generales y de total inportancia en una nacion');
Insert into TBL_CATEGORIAS (CODIGO_CATEGORIA, NOMBRE_CATEGORIA, DESCRIPCION_CATEGORIA)
values (3, 'Farandula', 'Conoce los ms obcuros secretos de tus artistas favoritos');



Insert into TBL_PODCAST (CODIGO_PODCAST, CODIGO_CATEGORIA, NOMBRE_PODCAST, DESCRIPCION_PODCAST, FECHA_CREACION)
values (1, 2, 'Trump y el muro', 'Te hablamos un poco acerca de la realidad nacional y la inmigracion en el pais', TO_DATE('04-12-17','DD-MM-YY'));
Insert into TBL_PODCAST (CODIGO_PODCAST, CODIGO_CATEGORIA, NOMBRE_PODCAST, DESCRIPCION_PODCAST, FECHA_CREACION)
values (2, 3, 'Jerson y su amor', 'Te contamos mas adetalle de quien es Jerson y su historia (COMO SOS VA!!)', TO_DATE('09-12-18','DD-MM-YY'));
Insert into TBL_PODCAST (CODIGO_PODCAST, CODIGO_CATEGORIA, NOMBRE_PODCAST, DESCRIPCION_PODCAST, FECHA_CREACION)
values (3, 1, 'PS5 y mas', 'Hablamos acerca de la nueva o mejor dicho Next Gen de consolas especialmente de PS5', TO_DATE('04-12-17','DD-MM-YY'));


Insert into TBL_EPISODIOS_PODCAST (CODIGO_EPISODIO_PODCAST, CODIGO_PODCAST, TITULO_EPISODIO, DESCRIPCION_EPISODIO, FECHA_TRANSMITIO, DURACION)
values (1, 3, 'Hardware de ps5', 'Hablamos del nuevo hardware que esta consola tendra', TO_DATE('04-02-18','DD-MM-YY'), 23);
Insert into TBL_EPISODIOS_PODCAST (CODIGO_EPISODIO_PODCAST, CODIGO_PODCAST, TITULO_EPISODIO, DESCRIPCION_EPISODIO, FECHA_TRANSMITIO, DURACION)
values (2, 3, 'Juegos de ps5', 'Hablamos de los nuevos titulos que esta consola tendra', TO_DATE('20-02-18','DD-MM-YY'), 50);
Insert into TBL_EPISODIOS_PODCAST (CODIGO_EPISODIO_PODCAST, CODIGO_PODCAST, TITULO_EPISODIO, DESCRIPCION_EPISODIO, FECHA_TRANSMITIO, DURACION)
values (3, 3, 'Rumores calientes de ps5', 'Que podemos esperar en el 2019 aqui te contamos todo', TO_DATE('20-09-18','DD-MM-YY'), 40);
Insert into TBL_EPISODIOS_PODCAST (CODIGO_EPISODIO_PODCAST, CODIGO_PODCAST, TITULO_EPISODIO, DESCRIPCION_EPISODIO, FECHA_TRANSMITIO, DURACION)
values (4, 1, 'Trump vs la caravana', 'De que se habla en el congreso con respecto a la caravana de inmigrantes???', TO_DATE('22-10-18','DD-MM-YY'), 110);


Insert into TBL_USUARIO_X_PODCAST (CODIGO_USUARIO, CODIGO_PODCAST)
values (4, 3);
Insert into TBL_USUARIO_X_PODCAST (CODIGO_USUARIO, CODIGO_PODCAST)
values (5, 2);
Insert into TBL_USUARIO_X_PODCAST (CODIGO_USUARIO, CODIGO_PODCAST)
values (6, 1);
Insert into TBL_USUARIO_X_PODCAST (CODIGO_USUARIO, CODIGO_PODCAST)
values (6, 3);
Insert into TBL_USUARIO_X_PODCAST (CODIGO_USUARIO, CODIGO_PODCAST)
values (5, 1);


------------CLaudio INserts :) ----------

INSERT INTO tbl_grupos_o_artistas (codigo_grupos_o_artistas,CODIGO_LUGAR_FORMO_NACE,CODIGO_LUGAR_RESIDE,NOMBRE_GRUPO_O_ARTISTA,BIOGRAFIA,IMAGEN) VALUES (1,1,2,'Ricardo Arjona','biografia','../img/RicardoArjona.jpg');
INSERT INTO tbl_grupos_o_artistas (codigo_grupos_o_artistas,CODIGO_LUGAR_FORMO_NACE,CODIGO_LUGAR_RESIDE,NOMBRE_GRUPO_O_ARTISTA,BIOGRAFIA,IMAGEN) VALUES (2,4,2,'Freddie Mercury','biografia','../img/FreddieMercury.jpg');
INSERT INTO tbl_grupos_o_artistas (codigo_grupos_o_artistas,CODIGO_LUGAR_FORMO_NACE,CODIGO_LUGAR_RESIDE,NOMBRE_GRUPO_O_ARTISTA,BIOGRAFIA,IMAGEN) VALUES (3,6,6,'Slipknot','biografia','../img/Slipknot.jpg');
INSERT INTO tbl_grupos_o_artistas (codigo_grupos_o_artistas,CODIGO_LUGAR_FORMO_NACE,CODIGO_LUGAR_RESIDE,NOMBRE_GRUPO_O_ARTISTA,BIOGRAFIA,IMAGEN) VALUES (4,8,7,'Katy Perry','biografia','../img/KatyPerry.jpg');
INSERT INTO tbl_grupos_o_artistas (codigo_grupos_o_artistas,CODIGO_LUGAR_FORMO_NACE,CODIGO_LUGAR_RESIDE,NOMBRE_GRUPO_O_ARTISTA,BIOGRAFIA,IMAGEN) VALUES (5,7,7,'Madonna','biografia','../img/Madonna.jpg');
INSERT INTO tbl_grupos_o_artistas (codigo_grupos_o_artistas,CODIGO_LUGAR_FORMO_NACE,CODIGO_LUGAR_RESIDE,NOMBRE_GRUPO_O_ARTISTA,BIOGRAFIA,IMAGEN) VALUES (6,9,4,'Michael Jackson','biografia','../img/MichaelJackson.jpg');
INSERT INTO tbl_grupos_o_artistas (codigo_grupos_o_artistas,CODIGO_LUGAR_FORMO_NACE,CODIGO_LUGAR_RESIDE,NOMBRE_GRUPO_O_ARTISTA,BIOGRAFIA,IMAGEN) VALUES (7,1,9,'Linkin Park','biografia','../img/LinkinPark.jpg');
INSERT INTO tbl_grupos_o_artistas (codigo_grupos_o_artistas,CODIGO_LUGAR_FORMO_NACE,CODIGO_LUGAR_RESIDE,NOMBRE_GRUPO_O_ARTISTA,BIOGRAFIA,IMAGEN) VALUES (8,8,3,'Daddy Yankee','biografia','../img/DaddyYankee.jpg');
INSERT INTO tbl_grupos_o_artistas (codigo_grupos_o_artistas,CODIGO_LUGAR_FORMO_NACE,CODIGO_LUGAR_RESIDE,NOMBRE_GRUPO_O_ARTISTA,BIOGRAFIA,IMAGEN) VALUES (9,7,3,'Fall Out Boys','biografia','../img/FallOutBoys.jpg');
INSERT INTO tbl_grupos_o_artistas (codigo_grupos_o_artistas,CODIGO_LUGAR_FORMO_NACE,CODIGO_LUGAR_RESIDE,NOMBRE_GRUPO_O_ARTISTA,BIOGRAFIA,IMAGEN) VALUES (10,8,2,'Nicky Minaj','biografia','../img/NickyMinaj.jpg');


INSERT INTO tbl_albumes_musicales(codigo_album_musical,CODIGO_GRUPOS_O_ARTISTAS,NOMBRE_ALBUM_MUSICAL,DURACION_ALBUM,IMAGEN) VALUES (1,1,'Déjame decir que te amo',5000,'../img/dejamedecirqueteamo.jpg');
INSERT INTO tbl_albumes_musicales(codigo_album_musical,CODIGO_GRUPOS_O_ARTISTAS,NOMBRE_ALBUM_MUSICAL,DURACION_ALBUM,IMAGEN) VALUES (2,1,'Adentro',5000,'../img/adentro.png');

INSERT INTO tbl_albumes_musicales(codigo_album_musical,CODIGO_GRUPOS_O_ARTISTAS,NOMBRE_ALBUM_MUSICAL,DURACION_ALBUM,IMAGEN) VALUES (3,2,'News of the World',5000,'../img/newoftheworld.png');
INSERT INTO tbl_albumes_musicales(codigo_album_musical,CODIGO_GRUPOS_O_ARTISTAS,NOMBRE_ALBUM_MUSICAL,DURACION_ALBUM,IMAGEN) VALUES (4,2,'Made in Heaven',5000,'../img/madeinheaven.jpg');

INSERT INTO tbl_albumes_musicales(codigo_album_musical,CODIGO_GRUPOS_O_ARTISTAS,NOMBRE_ALBUM_MUSICAL,DURACION_ALBUM,IMAGEN) VALUES (5,3,'Iowa',5000,'../img/iowa.jpg');
INSERT INTO tbl_albumes_musicales(codigo_album_musical,CODIGO_GRUPOS_O_ARTISTAS,NOMBRE_ALBUM_MUSICAL,DURACION_ALBUM,IMAGEN) VALUES (6,3,'Vol. 3: (The Subliminal Verses)',5000,'../img/subliminal.jpg');

INSERT INTO tbl_albumes_musicales(codigo_album_musical,CODIGO_GRUPOS_O_ARTISTAS,NOMBRE_ALBUM_MUSICAL,DURACION_ALBUM,IMAGEN) VALUES (7,4,'One of the Boys',5000,'../img/oneoftheboys.jpg');
INSERT INTO tbl_albumes_musicales(codigo_album_musical,CODIGO_GRUPOS_O_ARTISTAS,NOMBRE_ALBUM_MUSICAL,DURACION_ALBUM,IMAGEN) VALUES (8,4,'Teenage Dream',5000,'../img/teenagedream.jpg');

INSERT INTO tbl_albumes_musicales(codigo_album_musical,CODIGO_GRUPOS_O_ARTISTAS,NOMBRE_ALBUM_MUSICAL,DURACION_ALBUM,IMAGEN) VALUES (9,5,'Bedtime Stories',5000,'../img/bedtimestories.png');
INSERT INTO tbl_albumes_musicales(codigo_album_musical,CODIGO_GRUPOS_O_ARTISTAS,NOMBRE_ALBUM_MUSICAL,DURACION_ALBUM,IMAGEN) VALUES (10,5,'American Life',5000,'../img/americanlife.png');

INSERT INTO tbl_albumes_musicales(codigo_album_musical,CODIGO_GRUPOS_O_ARTISTAS,NOMBRE_ALBUM_MUSICAL,DURACION_ALBUM,IMAGEN) VALUES (11,6,'Thriller',5000,'../img/thriller.png');
INSERT INTO tbl_albumes_musicales(codigo_album_musical,CODIGO_GRUPOS_O_ARTISTAS,NOMBRE_ALBUM_MUSICAL,DURACION_ALBUM,IMAGEN) VALUES (12,6,'Blood on the Dance Floor: HIStory in the Mix',5000,'../img/blood.jpg');

INSERT INTO tbl_albumes_musicales(codigo_album_musical,CODIGO_GRUPOS_O_ARTISTAS,NOMBRE_ALBUM_MUSICAL,DURACION_ALBUM,IMAGEN) VALUES (13,7,'Hybrid Theory',5000,'../img/Hybrid.jpg');
INSERT INTO tbl_albumes_musicales(codigo_album_musical,CODIGO_GRUPOS_O_ARTISTAS,NOMBRE_ALBUM_MUSICAL,DURACION_ALBUM,IMAGEN) VALUES (14,7,'Meteora',5000,'../img/meteora.jpg');

INSERT INTO tbl_albumes_musicales(codigo_album_musical,CODIGO_GRUPOS_O_ARTISTAS,NOMBRE_ALBUM_MUSICAL,DURACION_ALBUM,IMAGEN) VALUES (15,8,'Barrio fino',5000,'../img/barriofino.jpg');
INSERT INTO tbl_albumes_musicales(codigo_album_musical,CODIGO_GRUPOS_O_ARTISTAS,NOMBRE_ALBUM_MUSICAL,DURACION_ALBUM,IMAGEN) VALUES (16,8,'Mundial',5000,'../img/mundial.jpg');

INSERT INTO tbl_albumes_musicales(codigo_album_musical,CODIGO_GRUPOS_O_ARTISTAS,NOMBRE_ALBUM_MUSICAL,DURACION_ALBUM,IMAGEN) VALUES (17,9,'From Under the Cork Tree',5000,'../img/fallout1.png');
INSERT INTO tbl_albumes_musicales(codigo_album_musical,CODIGO_GRUPOS_O_ARTISTAS,NOMBRE_ALBUM_MUSICAL,DURACION_ALBUM,IMAGEN) VALUES (18,9,'Infinity on High',5000,'../img/infinity.jpg');

INSERT INTO tbl_albumes_musicales(codigo_album_musical,CODIGO_GRUPOS_O_ARTISTAS,NOMBRE_ALBUM_MUSICAL,DURACION_ALBUM,IMAGEN) VALUES (19,10,'Pink Friday',5000,'../img/pink.jpg');
INSERT INTO tbl_albumes_musicales(codigo_album_musical,CODIGO_GRUPOS_O_ARTISTAS,NOMBRE_ALBUM_MUSICAL,DURACION_ALBUM,IMAGEN) VALUES (20,10,'The Pinkprint',5000,'../img/pink2.png');

INSERT INTO tbl_albumes_musicales(codigo_album_musical,CODIGO_GRUPOS_O_ARTISTAS,NOMBRE_ALBUM_MUSICAL,DURACION_ALBUM,IMAGEN) VALUES (21,10,'The Pinkprint',5000,'../img/pink2.png');


INSERT INTO TBL_CANCIONES(CODIGO_CANCION,CODIGO_GRUPOS_O_ARTISTAS,CODIGO_ALBUM_MUSICAL,NOMBRE_CANCION,DURACION_CANCION,PESO_CANCION,CANTIDAD_REPRODUCIDO,DIRECCION)VALUES(5,1,1,'QUE PEDO',45,14,9,'../msc/nightcore.mp3');



-------------arjona-------
INSERT INTO TBL_CANCIONES(CODIGO_CANCION,CODIGO_GRUPOS_O_ARTISTAS,CODIGO_ALBUM_MUSICAL,NOMBRE_CANCION,DURACION_CANCION,PESO_CANCION,CANTIDAD_REPRODUCIDO,DIRECCION)VALUES(1,1,1,'Cavernicolas',45,14,15,'../msc/RicardoArjonaCavernícolas.mp3');
INSERT INTO TBL_CANCIONES(CODIGO_CANCION,CODIGO_GRUPOS_O_ARTISTAS,CODIGO_ALBUM_MUSICAL,NOMBRE_CANCION,DURACION_CANCION,PESO_CANCION,CANTIDAD_REPRODUCIDO,DIRECCION)VALUES(2,1,1,'El amor',45,14,16,'../msc/RicardoArjonaElA.mp3');
INSERT INTO TBL_CANCIONES(CODIGO_CANCION,CODIGO_GRUPOS_O_ARTISTAS,CODIGO_ALBUM_MUSICAL,NOMBRE_CANCION,DURACION_CANCION,PESO_CANCION,CANTIDAD_REPRODUCIDO,DIRECCION)VALUES(3,1,1,'Fuiste tu',45,14,12,'../msc/RicardoArjonaFuistetfeat.mp3');
INSERT INTO TBL_CANCIONES(CODIGO_CANCION,CODIGO_GRUPOS_O_ARTISTAS,CODIGO_ALBUM_MUSICAL,NOMBRE_CANCION,DURACION_CANCION,PESO_CANCION,CANTIDAD_REPRODUCIDO,DIRECCION)VALUES(4,1,2,'Historia de amor',45,14,13,'../msc/RicardoArjonaHistori.mp3');
INSERT INTO TBL_CANCIONES(CODIGO_CANCION,CODIGO_GRUPOS_O_ARTISTAS,CODIGO_ALBUM_MUSICAL,NOMBRE_CANCION,DURACION_CANCION,PESO_CANCION,CANTIDAD_REPRODUCIDO,DIRECCION)VALUES(5,1,2,'Mi novia',45,14,19,'../msc/RicardoArjonaMiNovia.mp3');
INSERT INTO TBL_CANCIONES(CODIGO_CANCION,CODIGO_GRUPOS_O_ARTISTAS,CODIGO_ALBUM_MUSICAL,NOMBRE_CANCION,DURACION_CANCION,PESO_CANCION,CANTIDAD_REPRODUCIDO,DIRECCION)VALUES(6,1,2,'Ni tu ni yo',45,14,22,'../msc/RicardoArjonaNiTuNiYo.mp3');

----------freddie-------
INSERT INTO TBL_CANCIONES(CODIGO_CANCION,CODIGO_GRUPOS_O_ARTISTAS,CODIGO_ALBUM_MUSICAL,NOMBRE_CANCION,DURACION_CANCION,PESO_CANCION,CANTIDAD_REPRODUCIDO,DIRECCION)VALUES(7,2,3,'Rhapsody',45,14,15,'../msc/Bohemian Rhapsody - Queen.mp3');
INSERT INTO TBL_CANCIONES(CODIGO_CANCION,CODIGO_GRUPOS_O_ARTISTAS,CODIGO_ALBUM_MUSICAL,NOMBRE_CANCION,DURACION_CANCION,PESO_CANCION,CANTIDAD_REPRODUCIDO,DIRECCION)VALUES(8,2,3,'Liveing onmy own',45,14,15,'../msc/Freddie Mercury - Living On My Own.mp3');
INSERT INTO TBL_CANCIONES(CODIGO_CANCION,CODIGO_GRUPOS_O_ARTISTAS,CODIGO_ALBUM_MUSICAL,NOMBRE_CANCION,DURACION_CANCION,PESO_CANCION,CANTIDAD_REPRODUCIDO,DIRECCION)VALUES(9,2,3,'Another one bites',45,14,15,'../msc/Queen - Another One Bites the Dust.mp3');
INSERT INTO TBL_CANCIONES(CODIGO_CANCION,CODIGO_GRUPOS_O_ARTISTAS,CODIGO_ALBUM_MUSICAL,NOMBRE_CANCION,DURACION_CANCION,PESO_CANCION,CANTIDAD_REPRODUCIDO,DIRECCION)VALUES(10,2,4,'Dont stop me now',45,14,15,'../msc/Queen - Dont Stop Me No.mp3');
INSERT INTO TBL_CANCIONES(CODIGO_CANCION,CODIGO_GRUPOS_O_ARTISTAS,CODIGO_ALBUM_MUSICAL,NOMBRE_CANCION,DURACION_CANCION,PESO_CANCION,CANTIDAD_REPRODUCIDO,DIRECCION)VALUES(11,2,4,'I want to break free',45,14,15,'../msc/Queen - I Want To Break Free.mp3');
INSERT INTO TBL_CANCIONES(CODIGO_CANCION,CODIGO_GRUPOS_O_ARTISTAS,CODIGO_ALBUM_MUSICAL,NOMBRE_CANCION,DURACION_CANCION,PESO_CANCION,CANTIDAD_REPRODUCIDO,DIRECCION)VALUES(12,2,4,'somebody to love',45,14,15,'../msc/Queen - Somebody To Love.mp3');



------------------slipknot--------------------
INSERT INTO TBL_CANCIONES(CODIGO_CANCION,CODIGO_GRUPOS_O_ARTISTAS,CODIGO_ALBUM_MUSICAL,NOMBRE_CANCION,DURACION_CANCION,PESO_CANCION,CANTIDAD_REPRODUCIDO,DIRECCION)VALUES(13,3,5,'All out of life',45,14,15,'../msc/Slipknot - All Out Life OFFICIAL MUSIC VIDEO.mp3');
INSERT INTO TBL_CANCIONES(CODIGO_CANCION,CODIGO_GRUPOS_O_ARTISTAS,CODIGO_ALBUM_MUSICAL,NOMBRE_CANCION,DURACION_CANCION,PESO_CANCION,CANTIDAD_REPRODUCIDO,DIRECCION)VALUES(14,3,5,'Before i forget',45,14,15,'../msc/Slipknot - Before I Forget (Official Music Video).mp3');
INSERT INTO TBL_CANCIONES(CODIGO_CANCION,CODIGO_GRUPOS_O_ARTISTAS,CODIGO_ALBUM_MUSICAL,NOMBRE_CANCION,DURACION_CANCION,PESO_CANCION,CANTIDAD_REPRODUCIDO,DIRECCION)VALUES(15,3,5,'Duality',45,14,15,'../msc/Slipknot - Duality (Official Music Video).mp3');
INSERT INTO TBL_CANCIONES(CODIGO_CANCION,CODIGO_GRUPOS_O_ARTISTAS,CODIGO_ALBUM_MUSICAL,NOMBRE_CANCION,DURACION_CANCION,PESO_CANCION,CANTIDAD_REPRODUCIDO,DIRECCION)VALUES(16,3,6,'Pshycosocial',45,14,15,'../msc/Slipknot - Psychosocial.mp3');
INSERT INTO TBL_CANCIONES(CODIGO_CANCION,CODIGO_GRUPOS_O_ARTISTAS,CODIGO_ALBUM_MUSICAL,NOMBRE_CANCION,DURACION_CANCION,PESO_CANCION,CANTIDAD_REPRODUCIDO,DIRECCION)VALUES(17,3,6,'Snuff',45,14,15,'../msc/Slipknot - Snuff OFFICIAL VIDEO.mp3');
INSERT INTO TBL_CANCIONES(CODIGO_CANCION,CODIGO_GRUPOS_O_ARTISTAS,CODIGO_ALBUM_MUSICAL,NOMBRE_CANCION,DURACION_CANCION,PESO_CANCION,CANTIDAD_REPRODUCIDO,DIRECCION)VALUES(18,3,6,'The devil in I',45,14,15,'../msc/Slipknot - The Devil In I OFFICIAL VIDEO.mp3');

-------------katy perry--------------
INSERT INTO TBL_CANCIONES(CODIGO_CANCION,CODIGO_GRUPOS_O_ARTISTAS,CODIGO_ALBUM_MUSICAL,NOMBRE_CANCION,DURACION_CANCION,PESO_CANCION,CANTIDAD_REPRODUCIDO,DIRECCION)VALUES(19,4,7,'Chained',45,14,15,'../msc/Katy Perry - Chained To The Rhythm (Official).mp3');
INSERT INTO TBL_CANCIONES(CODIGO_CANCION,CODIGO_GRUPOS_O_ARTISTAS,CODIGO_ALBUM_MUSICAL,NOMBRE_CANCION,DURACION_CANCION,PESO_CANCION,CANTIDAD_REPRODUCIDO,DIRECCION)VALUES(20,4,7,'DARK HORSE',45,14,15,'../msc/Katy Perry - Dark Horse (Official).mp3');
INSERT INTO TBL_CANCIONES(CODIGO_CANCION,CODIGO_GRUPOS_O_ARTISTAS,CODIGO_ALBUM_MUSICAL,NOMBRE_CANCION,DURACION_CANCION,PESO_CANCION,CANTIDAD_REPRODUCIDO,DIRECCION)VALUES(21,4,7,'fire work',45,14,15,'../msc/Katy Perry - Firework (Official).mp3');
INSERT INTO TBL_CANCIONES(CODIGO_CANCION,CODIGO_GRUPOS_O_ARTISTAS,CODIGO_ALBUM_MUSICAL,NOMBRE_CANCION,DURACION_CANCION,PESO_CANCION,CANTIDAD_REPRODUCIDO,DIRECCION)VALUES(22,4,8,'Roar',45,14,15,'../msc/Katy Perry - Roar (Official).mp3');
INSERT INTO TBL_CANCIONES(CODIGO_CANCION,CODIGO_GRUPOS_O_ARTISTAS,CODIGO_ALBUM_MUSICAL,NOMBRE_CANCION,DURACION_CANCION,PESO_CANCION,CANTIDAD_REPRODUCIDO,DIRECCION)VALUES(23,4,8,'Swish ',45,14,15,'../msc/Katy Perry - Swish Swish (Official).mp3');
INSERT INTO TBL_CANCIONES(CODIGO_CANCION,CODIGO_GRUPOS_O_ARTISTAS,CODIGO_ALBUM_MUSICAL,NOMBRE_CANCION,DURACION_CANCION,PESO_CANCION,CANTIDAD_REPRODUCIDO,DIRECCION)VALUES(24,4,8,'the one ',45,14,15,'../msc/Katy Perry - The One That Got Away (Official).mp3');

------------madonnaaa-----------
INSERT INTO TBL_CANCIONES(CODIGO_CANCION,CODIGO_GRUPOS_O_ARTISTAS,CODIGO_ALBUM_MUSICAL,NOMBRE_CANCION,DURACION_CANCION,PESO_CANCION,CANTIDAD_REPRODUCIDO,DIRECCION)VALUES(25,5,9,'Bitch im madona',45,14,15,'../msc/Madonna - Bitch Im Madonna ft. Nicki Minaj.mp3');
INSERT INTO TBL_CANCIONES(CODIGO_CANCION,CODIGO_GRUPOS_O_ARTISTAS,CODIGO_ALBUM_MUSICAL,NOMBRE_CANCION,DURACION_CANCION,PESO_CANCION,CANTIDAD_REPRODUCIDO,DIRECCION)VALUES(26,5,9,'Girl',45,14,15,'../msc/Madonna - Girl Gone Wild (Explicit version).mp3');
INSERT INTO TBL_CANCIONES(CODIGO_CANCION,CODIGO_GRUPOS_O_ARTISTAS,CODIGO_ALBUM_MUSICAL,NOMBRE_CANCION,DURACION_CANCION,PESO_CANCION,CANTIDAD_REPRODUCIDO,DIRECCION)VALUES(27,5,9,'Hung up',45,14,15,'../msc/Madonna - Hung Up (Official Music Video).mp3');
INSERT INTO TBL_CANCIONES(CODIGO_CANCION,CODIGO_GRUPOS_O_ARTISTAS,CODIGO_ALBUM_MUSICAL,NOMBRE_CANCION,DURACION_CANCION,PESO_CANCION,CANTIDAD_REPRODUCIDO,DIRECCION)VALUES(28,5,10,'La isla',45,14,15,'../msc/Madonna - La Isla Bonita.mp3');
INSERT INTO TBL_CANCIONES(CODIGO_CANCION,CODIGO_GRUPOS_O_ARTISTAS,CODIGO_ALBUM_MUSICAL,NOMBRE_CANCION,DURACION_CANCION,PESO_CANCION,CANTIDAD_REPRODUCIDO,DIRECCION)VALUES(29,5,10,'Papa dont',45,14,15,'../msc/Madonna - Papa Dont Preach.mp3');
INSERT INTO TBL_CANCIONES(CODIGO_CANCION,CODIGO_GRUPOS_O_ARTISTAS,CODIGO_ALBUM_MUSICAL,NOMBRE_CANCION,DURACION_CANCION,PESO_CANCION,CANTIDAD_REPRODUCIDO,DIRECCION)VALUES(30,5,10,'Vogue',45,14,15,'../msc/Madonna - Vogue.mp3');

--------------michael--------------------
INSERT INTO TBL_CANCIONES(CODIGO_CANCION,CODIGO_GRUPOS_O_ARTISTAS,CODIGO_ALBUM_MUSICAL,NOMBRE_CANCION,DURACION_CANCION,PESO_CANCION,CANTIDAD_REPRODUCIDO,DIRECCION)VALUES(31,6,11,'Bad',45,14,15,'../msc/Michael Jackson - Bad (Shortened Version).mp3');
INSERT INTO TBL_CANCIONES(CODIGO_CANCION,CODIGO_GRUPOS_O_ARTISTAS,CODIGO_ALBUM_MUSICAL,NOMBRE_CANCION,DURACION_CANCION,PESO_CANCION,CANTIDAD_REPRODUCIDO,DIRECCION)VALUES(32,6,11,'Beat it',45,14,15,'../msc/Michael Jackson - Beat It (Official Video).mp3');
INSERT INTO TBL_CANCIONES(CODIGO_CANCION,CODIGO_GRUPOS_O_ARTISTAS,CODIGO_ALBUM_MUSICAL,NOMBRE_CANCION,DURACION_CANCION,PESO_CANCION,CANTIDAD_REPRODUCIDO,DIRECCION)VALUES(33,6,11,'billie Jean',45,14,15,'../msc/Michael Jackson - Billie Jean (Official Video).mp3');
INSERT INTO TBL_CANCIONES(CODIGO_CANCION,CODIGO_GRUPOS_O_ARTISTAS,CODIGO_ALBUM_MUSICAL,NOMBRE_CANCION,DURACION_CANCION,PESO_CANCION,CANTIDAD_REPRODUCIDO,DIRECCION)VALUES(34,6,12,'Earth Song',45,14,15,'../msc/Michael Jackson - Earth Song (Official Video).mp3');
INSERT INTO TBL_CANCIONES(CODIGO_CANCION,CODIGO_GRUPOS_O_ARTISTAS,CODIGO_ALBUM_MUSICAL,NOMBRE_CANCION,DURACION_CANCION,PESO_CANCION,CANTIDAD_REPRODUCIDO,DIRECCION)VALUES(35,6,12,'Smooth criminal',45,14,15,'../msc/Michael Jackson - Smooth Criminal (Official Video).mp3');
INSERT INTO TBL_CANCIONES(CODIGO_CANCION,CODIGO_GRUPOS_O_ARTISTAS,CODIGO_ALBUM_MUSICAL,NOMBRE_CANCION,DURACION_CANCION,PESO_CANCION,CANTIDAD_REPRODUCIDO,DIRECCION)VALUES(36,6,12,'They dont care',45,14,15,'../msc/Michael Jackson - They Dont Care About Us (Brazil Version) (Official Video).mp3');

----------------------linkin park--------------
INSERT INTO TBL_CANCIONES(CODIGO_CANCION,CODIGO_GRUPOS_O_ARTISTAS,CODIGO_ALBUM_MUSICAL,NOMBRE_CANCION,DURACION_CANCION,PESO_CANCION,CANTIDAD_REPRODUCIDO,DIRECCION)VALUES(37,7,13,'Battle Symphony',45,14,15,'../msc/Battle Symphony (Official Lyric Video) - Linkin Park.mp3');
INSERT INTO TBL_CANCIONES(CODIGO_CANCION,CODIGO_GRUPOS_O_ARTISTAS,CODIGO_ALBUM_MUSICAL,NOMBRE_CANCION,DURACION_CANCION,PESO_CANCION,CANTIDAD_REPRODUCIDO,DIRECCION)VALUES(38,7,13,'Burn It down',45,14,15,'../msc/Burn It Down (Official Video) - Linkin Park.mp3');
INSERT INTO TBL_CANCIONES(CODIGO_CANCION,CODIGO_GRUPOS_O_ARTISTAS,CODIGO_ALBUM_MUSICAL,NOMBRE_CANCION,DURACION_CANCION,PESO_CANCION,CANTIDAD_REPRODUCIDO,DIRECCION)VALUES(39,7,13,'In the end',45,14,15,'../msc/In The End (Official Video) - Linkin Park.mp3');
INSERT INTO TBL_CANCIONES(CODIGO_CANCION,CODIGO_GRUPOS_O_ARTISTAS,CODIGO_ALBUM_MUSICAL,NOMBRE_CANCION,DURACION_CANCION,PESO_CANCION,CANTIDAD_REPRODUCIDO,DIRECCION)VALUES(40,7,14,'Lost in the Echo',45,14,15,'../msc/Lost In The Echo (Official Video) - Linkin Park.mp3');
INSERT INTO TBL_CANCIONES(CODIGO_CANCION,CODIGO_GRUPOS_O_ARTISTAS,CODIGO_ALBUM_MUSICAL,NOMBRE_CANCION,DURACION_CANCION,PESO_CANCION,CANTIDAD_REPRODUCIDO,DIRECCION)VALUES(41,7,14,'Numb',45,14,15,'../msc/Numb (Official Video) - Linkin Park.mp3');
INSERT INTO TBL_CANCIONES(CODIGO_CANCION,CODIGO_GRUPOS_O_ARTISTAS,CODIGO_ALBUM_MUSICAL,NOMBRE_CANCION,DURACION_CANCION,PESO_CANCION,CANTIDAD_REPRODUCIDO,DIRECCION)VALUES(42,7,14,'One more light',45,14,15,'../msc/One More Light (Official Video) - Linkin Park.mp3');


----------------daddy yankeee--------------
INSERT INTO TBL_CANCIONES(CODIGO_CANCION,CODIGO_GRUPOS_O_ARTISTAS,CODIGO_ALBUM_MUSICAL,NOMBRE_CANCION,DURACION_CANCION,PESO_CANCION,CANTIDAD_REPRODUCIDO,DIRECCION)VALUES(43,8,15,'Dura',45,14,15,'../msc/Daddy Yankee Dura (Video Oficial).mp3');
INSERT INTO TBL_CANCIONES(CODIGO_CANCION,CODIGO_GRUPOS_O_ARTISTAS,CODIGO_ALBUM_MUSICAL,NOMBRE_CANCION,DURACION_CANCION,PESO_CANCION,CANTIDAD_REPRODUCIDO,DIRECCION)VALUES(44,8,15,'Llamado de emergencia',45,14,15,'../msc/Daddy Yankee Llamado De Emergencia Soundtrack Talento de Barrio El Cartel Records.mp3');
INSERT INTO TBL_CANCIONES(CODIGO_CANCION,CODIGO_GRUPOS_O_ARTISTAS,CODIGO_ALBUM_MUSICAL,NOMBRE_CANCION,DURACION_CANCION,PESO_CANCION,CANTIDAD_REPRODUCIDO,DIRECCION)VALUES(45,8,15,'Tiradera a Nicky',45,14,15,'../msc/Daddy Yankee Tiradera a Nicky Jam.mp3');
INSERT INTO TBL_CANCIONES(CODIGO_CANCION,CODIGO_GRUPOS_O_ARTISTAS,CODIGO_ALBUM_MUSICAL,NOMBRE_CANCION,DURACION_CANCION,PESO_CANCION,CANTIDAD_REPRODUCIDO,DIRECCION)VALUES(46,8,16,'Yankee',45,14,15,'../msc/Daddy Yankee.mp3');
INSERT INTO TBL_CANCIONES(CODIGO_CANCION,CODIGO_GRUPOS_O_ARTISTAS,CODIGO_ALBUM_MUSICAL,NOMBRE_CANCION,DURACION_CANCION,PESO_CANCION,CANTIDAD_REPRODUCIDO,DIRECCION)VALUES(47,8,16,'Made for now',45,14,15,'../msc/Janet Jackson x Daddy Yankee - Made For Now [Official Video].mp3');
INSERT INTO TBL_CANCIONES(CODIGO_CANCION,CODIGO_GRUPOS_O_ARTISTAS,CODIGO_ALBUM_MUSICAL,NOMBRE_CANCION,DURACION_CANCION,PESO_CANCION,CANTIDAD_REPRODUCIDO,DIRECCION)VALUES(48,8,16,'Despacito',45,14,15,'../msc/Luis Fonsi - Despacito ft. Daddy Yankee.mp3');


----------------fall out boys----------

INSERT INTO TBL_CANCIONES(CODIGO_CANCION,CODIGO_GRUPOS_O_ARTISTAS,CODIGO_ALBUM_MUSICAL,NOMBRE_CANCION,DURACION_CANCION,PESO_CANCION,CANTIDAD_REPRODUCIDO,DIRECCION)VALUES(49,9,17,'Centuries',45,14,15,'../msc/Fall Out Boy - Centuries (Official Video).mp3');
INSERT INTO TBL_CANCIONES(CODIGO_CANCION,CODIGO_GRUPOS_O_ARTISTAS,CODIGO_ALBUM_MUSICAL,NOMBRE_CANCION,DURACION_CANCION,PESO_CANCION,CANTIDAD_REPRODUCIDO,DIRECCION)VALUES(50,9,17,'Dance',45,14,15,'../msc/Fall Out Boy - Dance, Dance.mp3');
INSERT INTO TBL_CANCIONES(CODIGO_CANCION,CODIGO_GRUPOS_O_ARTISTAS,CODIGO_ALBUM_MUSICAL,NOMBRE_CANCION,DURACION_CANCION,PESO_CANCION,CANTIDAD_REPRODUCIDO,DIRECCION)VALUES(51,9,17,'Inmortals',45,14,15,'../msc/Fall Out Boy - Immortals (From Big Hero 6).mp3');
INSERT INTO TBL_CANCIONES(CODIGO_CANCION,CODIGO_GRUPOS_O_ARTISTAS,CODIGO_ALBUM_MUSICAL,NOMBRE_CANCION,DURACION_CANCION,PESO_CANCION,CANTIDAD_REPRODUCIDO,DIRECCION)VALUES(52,9,18,'Sugar',45,14,15,'../msc/Fall Out Boy - Sugar, Were Goin Down (Concept Version).mp3');
INSERT INTO TBL_CANCIONES(CODIGO_CANCION,CODIGO_GRUPOS_O_ARTISTAS,CODIGO_ALBUM_MUSICAL,NOMBRE_CANCION,DURACION_CANCION,PESO_CANCION,CANTIDAD_REPRODUCIDO,DIRECCION)VALUES(53,9,18,'The last of the real',45,14,15,'../msc/Fall Out Boy - The Last Of The Real Ones.mp3');
INSERT INTO TBL_CANCIONES(CODIGO_CANCION,CODIGO_GRUPOS_O_ARTISTAS,CODIGO_ALBUM_MUSICAL,NOMBRE_CANCION,DURACION_CANCION,PESO_CANCION,CANTIDAD_REPRODUCIDO,DIRECCION)VALUES(54,9,18,'Thnks',45,14,15,'../msc/Fall Out Boy - Thnks fr th Mmrs.mp3');

---------------------nicky minaj-----------------
INSERT INTO TBL_CANCIONES(CODIGO_CANCION,CODIGO_GRUPOS_O_ARTISTAS,CODIGO_ALBUM_MUSICAL,NOMBRE_CANCION,DURACION_CANCION,PESO_CANCION,CANTIDAD_REPRODUCIDO,DIRECCION)VALUES(55,10,19,'Anaconda',45,14,15,'../msc/Nicki Minaj - Anaconda.mp3');
INSERT INTO TBL_CANCIONES(CODIGO_CANCION,CODIGO_GRUPOS_O_ARTISTAS,CODIGO_ALBUM_MUSICAL,NOMBRE_CANCION,DURACION_CANCION,PESO_CANCION,CANTIDAD_REPRODUCIDO,DIRECCION)VALUES(56,10,19,'Barbie dreams',45,14,15,'../msc/Nicki Minaj - Barbie Dreams.mp3');
INSERT INTO TBL_CANCIONES(CODIGO_CANCION,CODIGO_GRUPOS_O_ARTISTAS,CODIGO_ALBUM_MUSICAL,NOMBRE_CANCION,DURACION_CANCION,PESO_CANCION,CANTIDAD_REPRODUCIDO,DIRECCION)VALUES(57,10,19,'Good form',45,14,15,'../msc/Nicki Minaj - Good Form ft. Lil Wayne.mp3');
INSERT INTO TBL_CANCIONES(CODIGO_CANCION,CODIGO_GRUPOS_O_ARTISTAS,CODIGO_ALBUM_MUSICAL,NOMBRE_CANCION,DURACION_CANCION,PESO_CANCION,CANTIDAD_REPRODUCIDO,DIRECCION)VALUES(58,10,20,'Super bass',45,14,15,'../msc/Nicki Minaj - Super Bass.mp3');
INSERT INTO TBL_CANCIONES(CODIGO_CANCION,CODIGO_GRUPOS_O_ARTISTAS,CODIGO_ALBUM_MUSICAL,NOMBRE_CANCION,DURACION_CANCION,PESO_CANCION,CANTIDAD_REPRODUCIDO,DIRECCION)VALUES(59,10,20,'The night is still young',45,14,15,'../msc/Nicki Minaj - The Night Is Still Young.mp3');
INSERT INTO TBL_CANCIONES(CODIGO_CANCION,CODIGO_GRUPOS_O_ARTISTAS,CODIGO_ALBUM_MUSICAL,NOMBRE_CANCION,DURACION_CANCION,PESO_CANCION,CANTIDAD_REPRODUCIDO,DIRECCION)VALUES(60,10,20,'Murda beatz',45,14,15,'../msc/Nicki Minaj, Murda Beatz - FEFE (Official Music Video).mp3');


--------------------TBL CANCIONES FAVORITAS----------------------
Insert into TBL_CANCIONES_FAVORITAS (CODIGO_CANCION_FAVORITA,CODIGO_USUARIO_DIO_FAVORITO,CODIGO_CANCION,CODIGO_LUGAR_ANADIO,FECHA_ANADIO) values ('3','1','4','1',to_date('17/12/18','DD/MM/RR'));
Insert into TBL_CANCIONES_FAVORITAS (CODIGO_CANCION_FAVORITA,CODIGO_USUARIO_DIO_FAVORITO,CODIGO_CANCION,CODIGO_LUGAR_ANADIO,FECHA_ANADIO) values ('4','1','33','1',null);
Insert into TBL_CANCIONES_FAVORITAS (CODIGO_CANCION_FAVORITA,CODIGO_USUARIO_DIO_FAVORITO,CODIGO_CANCION,CODIGO_LUGAR_ANADIO,FECHA_ANADIO) values ('5','1','44','1',null);
Insert into TBL_CANCIONES_FAVORITAS (CODIGO_CANCION_FAVORITA,CODIGO_USUARIO_DIO_FAVORITO,CODIGO_CANCION,CODIGO_LUGAR_ANADIO,FECHA_ANADIO) values ('6','1','11','1',null);
Insert into TBL_CANCIONES_FAVORITAS (CODIGO_CANCION_FAVORITA,CODIGO_USUARIO_DIO_FAVORITO,CODIGO_CANCION,CODIGO_LUGAR_ANADIO,FECHA_ANADIO) values ('7','1','59','1',null);
Insert into TBL_CANCIONES_FAVORITAS (CODIGO_CANCION_FAVORITA,CODIGO_USUARIO_DIO_FAVORITO,CODIGO_CANCION,CODIGO_LUGAR_ANADIO,FECHA_ANADIO) values ('8','1','12','1',null);
Insert into TBL_CANCIONES_FAVORITAS (CODIGO_CANCION_FAVORITA,CODIGO_USUARIO_DIO_FAVORITO,CODIGO_CANCION,CODIGO_LUGAR_ANADIO,FECHA_ANADIO) values ('9','1','22','1',null);
Insert into TBL_CANCIONES_FAVORITAS (CODIGO_CANCION_FAVORITA,CODIGO_USUARIO_DIO_FAVORITO,CODIGO_CANCION,CODIGO_LUGAR_ANADIO,FECHA_ANADIO) values ('10','1','8','1',null);
Insert into TBL_CANCIONES_FAVORITAS (CODIGO_CANCION_FAVORITA,CODIGO_USUARIO_DIO_FAVORITO,CODIGO_CANCION,CODIGO_LUGAR_ANADIO,FECHA_ANADIO) values ('11','1','18','1',null);
Insert into TBL_CANCIONES_FAVORITAS (CODIGO_CANCION_FAVORITA,CODIGO_USUARIO_DIO_FAVORITO,CODIGO_CANCION,CODIGO_LUGAR_ANADIO,FECHA_ANADIO) values ('12','1','52','1',null);
Insert into TBL_CANCIONES_FAVORITAS (CODIGO_CANCION_FAVORITA,CODIGO_USUARIO_DIO_FAVORITO,CODIGO_CANCION,CODIGO_LUGAR_ANADIO,FECHA_ANADIO) values ('13','1','21','1',null);
Insert into TBL_CANCIONES_FAVORITAS (CODIGO_CANCION_FAVORITA,CODIGO_USUARIO_DIO_FAVORITO,CODIGO_CANCION,CODIGO_LUGAR_ANADIO,FECHA_ANADIO) values ('14','2','1','1',null);
Insert into TBL_CANCIONES_FAVORITAS (CODIGO_CANCION_FAVORITA,CODIGO_USUARIO_DIO_FAVORITO,CODIGO_CANCION,CODIGO_LUGAR_ANADIO,FECHA_ANADIO) values ('15','2','2','1',null);
Insert into TBL_CANCIONES_FAVORITAS (CODIGO_CANCION_FAVORITA,CODIGO_USUARIO_DIO_FAVORITO,CODIGO_CANCION,CODIGO_LUGAR_ANADIO,FECHA_ANADIO) values ('16','2','3','1',null);
Insert into TBL_CANCIONES_FAVORITAS (CODIGO_CANCION_FAVORITA,CODIGO_USUARIO_DIO_FAVORITO,CODIGO_CANCION,CODIGO_LUGAR_ANADIO,FECHA_ANADIO) values ('17','2','4','1',null);
Insert into TBL_CANCIONES_FAVORITAS (CODIGO_CANCION_FAVORITA,CODIGO_USUARIO_DIO_FAVORITO,CODIGO_CANCION,CODIGO_LUGAR_ANADIO,FECHA_ANADIO) values ('18','2','5','1',null);
Insert into TBL_CANCIONES_FAVORITAS (CODIGO_CANCION_FAVORITA,CODIGO_USUARIO_DIO_FAVORITO,CODIGO_CANCION,CODIGO_LUGAR_ANADIO,FECHA_ANADIO) values ('19','2','56','1',null);
Insert into TBL_CANCIONES_FAVORITAS (CODIGO_CANCION_FAVORITA,CODIGO_USUARIO_DIO_FAVORITO,CODIGO_CANCION,CODIGO_LUGAR_ANADIO,FECHA_ANADIO) values ('20','2','7','1',null);
Insert into TBL_CANCIONES_FAVORITAS (CODIGO_CANCION_FAVORITA,CODIGO_USUARIO_DIO_FAVORITO,CODIGO_CANCION,CODIGO_LUGAR_ANADIO,FECHA_ANADIO) values ('21','2','44','1',null);
Insert into TBL_CANCIONES_FAVORITAS (CODIGO_CANCION_FAVORITA,CODIGO_USUARIO_DIO_FAVORITO,CODIGO_CANCION,CODIGO_LUGAR_ANADIO,FECHA_ANADIO) values ('22','2','33','1',null);
Insert into TBL_CANCIONES_FAVORITAS (CODIGO_CANCION_FAVORITA,CODIGO_USUARIO_DIO_FAVORITO,CODIGO_CANCION,CODIGO_LUGAR_ANADIO,FECHA_ANADIO) values ('23','2','22','1',null);
Insert into TBL_CANCIONES_FAVORITAS (CODIGO_CANCION_FAVORITA,CODIGO_USUARIO_DIO_FAVORITO,CODIGO_CANCION,CODIGO_LUGAR_ANADIO,FECHA_ANADIO) values ('24','2','11','1',null);
Insert into TBL_CANCIONES_FAVORITAS (CODIGO_CANCION_FAVORITA,CODIGO_USUARIO_DIO_FAVORITO,CODIGO_CANCION,CODIGO_LUGAR_ANADIO,FECHA_ANADIO) values ('25','2','55','1',null);
Insert into TBL_CANCIONES_FAVORITAS (CODIGO_CANCION_FAVORITA,CODIGO_USUARIO_DIO_FAVORITO,CODIGO_CANCION,CODIGO_LUGAR_ANADIO,FECHA_ANADIO) values ('26','2','31','1',null);
Insert into TBL_CANCIONES_FAVORITAS (CODIGO_CANCION_FAVORITA,CODIGO_USUARIO_DIO_FAVORITO,CODIGO_CANCION,CODIGO_LUGAR_ANADIO,FECHA_ANADIO) values ('27','2','17','1',null);
Insert into TBL_CANCIONES_FAVORITAS (CODIGO_CANCION_FAVORITA,CODIGO_USUARIO_DIO_FAVORITO,CODIGO_CANCION,CODIGO_LUGAR_ANADIO,FECHA_ANADIO) values ('28','2','19','1',null);
Insert into TBL_CANCIONES_FAVORITAS (CODIGO_CANCION_FAVORITA,CODIGO_USUARIO_DIO_FAVORITO,CODIGO_CANCION,CODIGO_LUGAR_ANADIO,FECHA_ANADIO) values ('29','2','29','1',null);
Insert into TBL_CANCIONES_FAVORITAS (CODIGO_CANCION_FAVORITA,CODIGO_USUARIO_DIO_FAVORITO,CODIGO_CANCION,CODIGO_LUGAR_ANADIO,FECHA_ANADIO) values ('30','3','5','1',null);
Insert into TBL_CANCIONES_FAVORITAS (CODIGO_CANCION_FAVORITA,CODIGO_USUARIO_DIO_FAVORITO,CODIGO_CANCION,CODIGO_LUGAR_ANADIO,FECHA_ANADIO) values ('31','3','15','1',null);
Insert into TBL_CANCIONES_FAVORITAS (CODIGO_CANCION_FAVORITA,CODIGO_USUARIO_DIO_FAVORITO,CODIGO_CANCION,CODIGO_LUGAR_ANADIO,FECHA_ANADIO) values ('32','3','25','1',null);
Insert into TBL_CANCIONES_FAVORITAS (CODIGO_CANCION_FAVORITA,CODIGO_USUARIO_DIO_FAVORITO,CODIGO_CANCION,CODIGO_LUGAR_ANADIO,FECHA_ANADIO) values ('33','3','35','1',null);
Insert into TBL_CANCIONES_FAVORITAS (CODIGO_CANCION_FAVORITA,CODIGO_USUARIO_DIO_FAVORITO,CODIGO_CANCION,CODIGO_LUGAR_ANADIO,FECHA_ANADIO) values ('34','3','45','1',null);
Insert into TBL_CANCIONES_FAVORITAS (CODIGO_CANCION_FAVORITA,CODIGO_USUARIO_DIO_FAVORITO,CODIGO_CANCION,CODIGO_LUGAR_ANADIO,FECHA_ANADIO) values ('35','3','55','1',null);
Insert into TBL_CANCIONES_FAVORITAS (CODIGO_CANCION_FAVORITA,CODIGO_USUARIO_DIO_FAVORITO,CODIGO_CANCION,CODIGO_LUGAR_ANADIO,FECHA_ANADIO) values ('36','3','9','1',null);
Insert into TBL_CANCIONES_FAVORITAS (CODIGO_CANCION_FAVORITA,CODIGO_USUARIO_DIO_FAVORITO,CODIGO_CANCION,CODIGO_LUGAR_ANADIO,FECHA_ANADIO) values ('37','3','19','1',null);
Insert into TBL_CANCIONES_FAVORITAS (CODIGO_CANCION_FAVORITA,CODIGO_USUARIO_DIO_FAVORITO,CODIGO_CANCION,CODIGO_LUGAR_ANADIO,FECHA_ANADIO) values ('38','3','29','1',null);
Insert into TBL_CANCIONES_FAVORITAS (CODIGO_CANCION_FAVORITA,CODIGO_USUARIO_DIO_FAVORITO,CODIGO_CANCION,CODIGO_LUGAR_ANADIO,FECHA_ANADIO) values ('39','3','39','1',null);
Insert into TBL_CANCIONES_FAVORITAS (CODIGO_CANCION_FAVORITA,CODIGO_USUARIO_DIO_FAVORITO,CODIGO_CANCION,CODIGO_LUGAR_ANADIO,FECHA_ANADIO) values ('40','3','49','1',null);
Insert into TBL_CANCIONES_FAVORITAS (CODIGO_CANCION_FAVORITA,CODIGO_USUARIO_DIO_FAVORITO,CODIGO_CANCION,CODIGO_LUGAR_ANADIO,FECHA_ANADIO) values ('41','3','59','1',null);
Insert into TBL_CANCIONES_FAVORITAS (CODIGO_CANCION_FAVORITA,CODIGO_USUARIO_DIO_FAVORITO,CODIGO_CANCION,CODIGO_LUGAR_ANADIO,FECHA_ANADIO) values ('42','3','7','1',null);
Insert into TBL_CANCIONES_FAVORITAS (CODIGO_CANCION_FAVORITA,CODIGO_USUARIO_DIO_FAVORITO,CODIGO_CANCION,CODIGO_LUGAR_ANADIO,FECHA_ANADIO) values ('43','3','57','1',null);
Insert into TBL_CANCIONES_FAVORITAS (CODIGO_CANCION_FAVORITA,CODIGO_USUARIO_DIO_FAVORITO,CODIGO_CANCION,CODIGO_LUGAR_ANADIO,FECHA_ANADIO) values ('1','1','1','1',to_date('16/12/18','DD/MM/RR'));
Insert into TBL_CANCIONES_FAVORITAS (CODIGO_CANCION_FAVORITA,CODIGO_USUARIO_DIO_FAVORITO,CODIGO_CANCION,CODIGO_LUGAR_ANADIO,FECHA_ANADIO) values ('2','1','2','2',to_date('16/12/18','DD/MM/RR'));


-------------TABLA TOP 50-------------------
Insert into TBL_HISTORIAL_REPRODUCCION_50 (CODIGO_HISTORIAL_REPRODUCCION,CODIGO_CANCION,CODIGO_LUGAR_REPRODUCE,CODIGO_USUARIO) values ('1','1','1','1');
Insert into TBL_HISTORIAL_REPRODUCCION_50 (CODIGO_HISTORIAL_REPRODUCCION,CODIGO_CANCION,CODIGO_LUGAR_REPRODUCE,CODIGO_USUARIO) values ('2','2','2','1');
Insert into TBL_HISTORIAL_REPRODUCCION_50 (CODIGO_HISTORIAL_REPRODUCCION,CODIGO_CANCION,CODIGO_LUGAR_REPRODUCE,CODIGO_USUARIO) values ('3','3','1','2');
Insert into TBL_HISTORIAL_REPRODUCCION_50 (CODIGO_HISTORIAL_REPRODUCCION,CODIGO_CANCION,CODIGO_LUGAR_REPRODUCE,CODIGO_USUARIO) values ('4','4','1','1');
Insert into TBL_HISTORIAL_REPRODUCCION_50 (CODIGO_HISTORIAL_REPRODUCCION,CODIGO_CANCION,CODIGO_LUGAR_REPRODUCE,CODIGO_USUARIO) values ('5','5','1','1');
Insert into TBL_HISTORIAL_REPRODUCCION_50 (CODIGO_HISTORIAL_REPRODUCCION,CODIGO_CANCION,CODIGO_LUGAR_REPRODUCE,CODIGO_USUARIO) values ('6','6','1','1');
Insert into TBL_HISTORIAL_REPRODUCCION_50 (CODIGO_HISTORIAL_REPRODUCCION,CODIGO_CANCION,CODIGO_LUGAR_REPRODUCE,CODIGO_USUARIO) values ('7','7','1','1');
Insert into TBL_HISTORIAL_REPRODUCCION_50 (CODIGO_HISTORIAL_REPRODUCCION,CODIGO_CANCION,CODIGO_LUGAR_REPRODUCE,CODIGO_USUARIO) values ('8','8','1','1');
Insert into TBL_HISTORIAL_REPRODUCCION_50 (CODIGO_HISTORIAL_REPRODUCCION,CODIGO_CANCION,CODIGO_LUGAR_REPRODUCE,CODIGO_USUARIO) values ('9','9','1','1');
Insert into TBL_HISTORIAL_REPRODUCCION_50 (CODIGO_HISTORIAL_REPRODUCCION,CODIGO_CANCION,CODIGO_LUGAR_REPRODUCE,CODIGO_USUARIO) values ('10','10','1','1');
Insert into TBL_HISTORIAL_REPRODUCCION_50 (CODIGO_HISTORIAL_REPRODUCCION,CODIGO_CANCION,CODIGO_LUGAR_REPRODUCE,CODIGO_USUARIO) values ('11','11','1','1');
Insert into TBL_HISTORIAL_REPRODUCCION_50 (CODIGO_HISTORIAL_REPRODUCCION,CODIGO_CANCION,CODIGO_LUGAR_REPRODUCE,CODIGO_USUARIO) values ('12','12','1','1');
Insert into TBL_HISTORIAL_REPRODUCCION_50 (CODIGO_HISTORIAL_REPRODUCCION,CODIGO_CANCION,CODIGO_LUGAR_REPRODUCE,CODIGO_USUARIO) values ('13','13','1','1');
Insert into TBL_HISTORIAL_REPRODUCCION_50 (CODIGO_HISTORIAL_REPRODUCCION,CODIGO_CANCION,CODIGO_LUGAR_REPRODUCE,CODIGO_USUARIO) values ('14','14','1','1');
Insert into TBL_HISTORIAL_REPRODUCCION_50 (CODIGO_HISTORIAL_REPRODUCCION,CODIGO_CANCION,CODIGO_LUGAR_REPRODUCE,CODIGO_USUARIO) values ('15','15','1','1');
Insert into TBL_HISTORIAL_REPRODUCCION_50 (CODIGO_HISTORIAL_REPRODUCCION,CODIGO_CANCION,CODIGO_LUGAR_REPRODUCE,CODIGO_USUARIO) values ('16','16','1','1');
Insert into TBL_HISTORIAL_REPRODUCCION_50 (CODIGO_HISTORIAL_REPRODUCCION,CODIGO_CANCION,CODIGO_LUGAR_REPRODUCE,CODIGO_USUARIO) values ('17','17','1','1');
Insert into TBL_HISTORIAL_REPRODUCCION_50 (CODIGO_HISTORIAL_REPRODUCCION,CODIGO_CANCION,CODIGO_LUGAR_REPRODUCE,CODIGO_USUARIO) values ('18','18','1','1');
Insert into TBL_HISTORIAL_REPRODUCCION_50 (CODIGO_HISTORIAL_REPRODUCCION,CODIGO_CANCION,CODIGO_LUGAR_REPRODUCE,CODIGO_USUARIO) values ('19','19','1','1');
Insert into TBL_HISTORIAL_REPRODUCCION_50 (CODIGO_HISTORIAL_REPRODUCCION,CODIGO_CANCION,CODIGO_LUGAR_REPRODUCE,CODIGO_USUARIO) values ('20','20','1','1');
Insert into TBL_HISTORIAL_REPRODUCCION_50 (CODIGO_HISTORIAL_REPRODUCCION,CODIGO_CANCION,CODIGO_LUGAR_REPRODUCE,CODIGO_USUARIO) values ('21','21','1','1');
Insert into TBL_HISTORIAL_REPRODUCCION_50 (CODIGO_HISTORIAL_REPRODUCCION,CODIGO_CANCION,CODIGO_LUGAR_REPRODUCE,CODIGO_USUARIO) values ('22','22','1','1');
Insert into TBL_HISTORIAL_REPRODUCCION_50 (CODIGO_HISTORIAL_REPRODUCCION,CODIGO_CANCION,CODIGO_LUGAR_REPRODUCE,CODIGO_USUARIO) values ('23','23','1','1');
Insert into TBL_HISTORIAL_REPRODUCCION_50 (CODIGO_HISTORIAL_REPRODUCCION,CODIGO_CANCION,CODIGO_LUGAR_REPRODUCE,CODIGO_USUARIO) values ('24','24','1','1');
Insert into TBL_HISTORIAL_REPRODUCCION_50 (CODIGO_HISTORIAL_REPRODUCCION,CODIGO_CANCION,CODIGO_LUGAR_REPRODUCE,CODIGO_USUARIO) values ('25','25','1','1');
Insert into TBL_HISTORIAL_REPRODUCCION_50 (CODIGO_HISTORIAL_REPRODUCCION,CODIGO_CANCION,CODIGO_LUGAR_REPRODUCE,CODIGO_USUARIO) values ('26','26','1','1');
Insert into TBL_HISTORIAL_REPRODUCCION_50 (CODIGO_HISTORIAL_REPRODUCCION,CODIGO_CANCION,CODIGO_LUGAR_REPRODUCE,CODIGO_USUARIO) values ('27','27','1','1');
Insert into TBL_HISTORIAL_REPRODUCCION_50 (CODIGO_HISTORIAL_REPRODUCCION,CODIGO_CANCION,CODIGO_LUGAR_REPRODUCE,CODIGO_USUARIO) values ('28','28','1','1');
Insert into TBL_HISTORIAL_REPRODUCCION_50 (CODIGO_HISTORIAL_REPRODUCCION,CODIGO_CANCION,CODIGO_LUGAR_REPRODUCE,CODIGO_USUARIO) values ('29','29','1','1');
Insert into TBL_HISTORIAL_REPRODUCCION_50 (CODIGO_HISTORIAL_REPRODUCCION,CODIGO_CANCION,CODIGO_LUGAR_REPRODUCE,CODIGO_USUARIO) values ('30','30','1','1');
Insert into TBL_HISTORIAL_REPRODUCCION_50 (CODIGO_HISTORIAL_REPRODUCCION,CODIGO_CANCION,CODIGO_LUGAR_REPRODUCE,CODIGO_USUARIO) values ('31','31','1','1');
Insert into TBL_HISTORIAL_REPRODUCCION_50 (CODIGO_HISTORIAL_REPRODUCCION,CODIGO_CANCION,CODIGO_LUGAR_REPRODUCE,CODIGO_USUARIO) values ('32','32','1','1');
Insert into TBL_HISTORIAL_REPRODUCCION_50 (CODIGO_HISTORIAL_REPRODUCCION,CODIGO_CANCION,CODIGO_LUGAR_REPRODUCE,CODIGO_USUARIO) values ('33','33','1','1');
Insert into TBL_HISTORIAL_REPRODUCCION_50 (CODIGO_HISTORIAL_REPRODUCCION,CODIGO_CANCION,CODIGO_LUGAR_REPRODUCE,CODIGO_USUARIO) values ('34','34','1','1');
Insert into TBL_HISTORIAL_REPRODUCCION_50 (CODIGO_HISTORIAL_REPRODUCCION,CODIGO_CANCION,CODIGO_LUGAR_REPRODUCE,CODIGO_USUARIO) values ('35','35','1','1');
Insert into TBL_HISTORIAL_REPRODUCCION_50 (CODIGO_HISTORIAL_REPRODUCCION,CODIGO_CANCION,CODIGO_LUGAR_REPRODUCE,CODIGO_USUARIO) values ('36','36','1','1');
Insert into TBL_HISTORIAL_REPRODUCCION_50 (CODIGO_HISTORIAL_REPRODUCCION,CODIGO_CANCION,CODIGO_LUGAR_REPRODUCE,CODIGO_USUARIO) values ('37','37','1','1');
Insert into TBL_HISTORIAL_REPRODUCCION_50 (CODIGO_HISTORIAL_REPRODUCCION,CODIGO_CANCION,CODIGO_LUGAR_REPRODUCE,CODIGO_USUARIO) values ('38','38','1','1');
Insert into TBL_HISTORIAL_REPRODUCCION_50 (CODIGO_HISTORIAL_REPRODUCCION,CODIGO_CANCION,CODIGO_LUGAR_REPRODUCE,CODIGO_USUARIO) values ('39','39','1','1');
Insert into TBL_HISTORIAL_REPRODUCCION_50 (CODIGO_HISTORIAL_REPRODUCCION,CODIGO_CANCION,CODIGO_LUGAR_REPRODUCE,CODIGO_USUARIO) values ('40','40','1','1');
Insert into TBL_HISTORIAL_REPRODUCCION_50 (CODIGO_HISTORIAL_REPRODUCCION,CODIGO_CANCION,CODIGO_LUGAR_REPRODUCE,CODIGO_USUARIO) values ('41','41','1','1');
Insert into TBL_HISTORIAL_REPRODUCCION_50 (CODIGO_HISTORIAL_REPRODUCCION,CODIGO_CANCION,CODIGO_LUGAR_REPRODUCE,CODIGO_USUARIO) values ('42','42','1','1');
Insert into TBL_HISTORIAL_REPRODUCCION_50 (CODIGO_HISTORIAL_REPRODUCCION,CODIGO_CANCION,CODIGO_LUGAR_REPRODUCE,CODIGO_USUARIO) values ('43','43','1','1');
Insert into TBL_HISTORIAL_REPRODUCCION_50 (CODIGO_HISTORIAL_REPRODUCCION,CODIGO_CANCION,CODIGO_LUGAR_REPRODUCE,CODIGO_USUARIO) values ('44','44','1','1');
Insert into TBL_HISTORIAL_REPRODUCCION_50 (CODIGO_HISTORIAL_REPRODUCCION,CODIGO_CANCION,CODIGO_LUGAR_REPRODUCE,CODIGO_USUARIO) values ('45','45','1','1');
Insert into TBL_HISTORIAL_REPRODUCCION_50 (CODIGO_HISTORIAL_REPRODUCCION,CODIGO_CANCION,CODIGO_LUGAR_REPRODUCE,CODIGO_USUARIO) values ('46','46','1','1');
Insert into TBL_HISTORIAL_REPRODUCCION_50 (CODIGO_HISTORIAL_REPRODUCCION,CODIGO_CANCION,CODIGO_LUGAR_REPRODUCE,CODIGO_USUARIO) values ('47','47','1','1');
Insert into TBL_HISTORIAL_REPRODUCCION_50 (CODIGO_HISTORIAL_REPRODUCCION,CODIGO_CANCION,CODIGO_LUGAR_REPRODUCE,CODIGO_USUARIO) values ('48','48','1','1');
Insert into TBL_HISTORIAL_REPRODUCCION_50 (CODIGO_HISTORIAL_REPRODUCCION,CODIGO_CANCION,CODIGO_LUGAR_REPRODUCE,CODIGO_USUARIO) values ('49','49','1','1');
Insert into TBL_HISTORIAL_REPRODUCCION_50 (CODIGO_HISTORIAL_REPRODUCCION,CODIGO_CANCION,CODIGO_LUGAR_REPRODUCE,CODIGO_USUARIO) values ('50','50','1','1');




COMMIT;



